filepath,label
/content/image_classification/Tobacco3482-jpg/ADVE/2072281108.jpg,ADVE
/content/image_classification/Tobacco3482-jpg/ADVE/1002761668.jpg,ADVE
/content/image_classification/Tobacco3482-jpg/ADVE/2058503524.jpg,ADVE
/content/image_classification/Tobacco3482-jpg/ADVE/2070711761.jpg,ADVE
/content/image_classification/Tobacco3482-jpg/ADVE/509136909+-6910.jpg,ADVE
/content/image_classification/Tobacco3482-jpg/ADVE/2061000301.jpg,ADVE
/content/image_classification/Tobacco3482-jpg/ADVE/521151227+-1227.jpg,ADVE
/content/image_classification/Tobacco3482-jpg/ADVE/2045731638.jpg,ADVE
/content/image_classification/Tobacco3482-jpg/ADVE/0030048095.jpg,ADVE
/content/image_classification/Tobacco3482-jpg/ADVE/502472358.jpg,ADVE
/content/image_classification/Tobacco3482-jpg/ADVE/517508450+-8453.jpg,ADVE
/content/image_classification/Tobacco3482-jpg/ADVE/2084513422.jpg,ADVE
/content/image_classification/Tobacco3482-jpg/ADVE/502594404.jpg,ADVE
/content/image_classification/Tobacco3482-jpg/ADVE/502471549.jpg,ADVE
/content/image_classification/Tobacco3482-jpg/ADVE/502599535+-9535.jpg,ADVE
/content/image_classification/Tobacco3482-jpg/ADVE/99332057_2058.jpg,ADVE
/content/image_classification/Tobacco3482-jpg/ADVE/99342431_2432.jpg,ADVE
/content/image_classification/Tobacco3482-jpg/ADVE/2050834062.jpg,ADVE
/content/image_classification/Tobacco3482-jpg/ADVE/94054618.jpg,ADVE
/content/image_classification/Tobacco3482-jpg/ADVE/521150892+-0895.jpg,ADVE
/content/image_classification/Tobacco3482-jpg/ADVE/1002763015.jpg,ADVE
/content/image_classification/Tobacco3482-jpg/ADVE/503961738+-1738.jpg,ADVE
/content/image_classification/Tobacco3482-jpg/ADVE/2025016432.jpg,ADVE
/content/image_classification/Tobacco3482-jpg/ADVE/0000556056.jpg,ADVE
/content/image_classification/Tobacco3482-jpg/ADVE/2070501595.jpg,ADVE
/content/image_classification/Tobacco3482-jpg/ADVE/2084426012_6013.jpg,ADVE
/content/image_classification/Tobacco3482-jpg/ADVE/93330837.jpg,ADVE
/content/image_classification/Tobacco3482-jpg/ADVE/503960838.jpg,ADVE
/content/image_classification/Tobacco3482-jpg/ADVE/512696082+-6082.jpg,ADVE
/content/image_classification/Tobacco3482-jpg/ADVE/502599068.jpg,ADVE
/content/image_classification/Tobacco3482-jpg/ADVE/2023738160.jpg,ADVE
/content/image_classification/Tobacco3482-jpg/ADVE/664383.jpg,ADVE
/content/image_classification/Tobacco3482-jpg/ADVE/502217247+-7247.jpg,ADVE
/content/image_classification/Tobacco3482-jpg/ADVE/2067540350_2067540352.jpg,ADVE
/content/image_classification/Tobacco3482-jpg/ADVE/514766071+-6072.jpg,ADVE
/content/image_classification/Tobacco3482-jpg/ADVE/503146051+-6051.jpg,ADVE
/content/image_classification/Tobacco3482-jpg/ADVE/71895703.jpg,ADVE
/content/image_classification/Tobacco3482-jpg/ADVE/91689217.jpg,ADVE
/content/image_classification/Tobacco3482-jpg/ADVE/502108541+-8546.jpg,ADVE
/content/image_classification/Tobacco3482-jpg/ADVE/2073971431.jpg,ADVE
/content/image_classification/Tobacco3482-jpg/ADVE/13581913.jpg,ADVE
/content/image_classification/Tobacco3482-jpg/ADVE/2040183521.jpg,ADVE
/content/image_classification/Tobacco3482-jpg/ADVE/2069506477.jpg,ADVE
/content/image_classification/Tobacco3482-jpg/ADVE/2041089398.jpg,ADVE
/content/image_classification/Tobacco3482-jpg/ADVE/2064004681.jpg,ADVE
/content/image_classification/Tobacco3482-jpg/ADVE/0000435350.jpg,ADVE
/content/image_classification/Tobacco3482-jpg/ADVE/2084396082.jpg,ADVE
/content/image_classification/Tobacco3482-jpg/ADVE/522934065+-4065.jpg,ADVE
/content/image_classification/Tobacco3482-jpg/ADVE/87003967_87003968.jpg,ADVE
/content/image_classification/Tobacco3482-jpg/ADVE/03496270.jpg,ADVE
/content/image_classification/Tobacco3482-jpg/ADVE/71329566.jpg,ADVE
/content/image_classification/Tobacco3482-jpg/ADVE/500161305.jpg,ADVE
/content/image_classification/Tobacco3482-jpg/ADVE/96324864.jpg,ADVE
/content/image_classification/Tobacco3482-jpg/ADVE/2070717320_7321.jpg,ADVE
/content/image_classification/Tobacco3482-jpg/ADVE/502610513+-0516.jpg,ADVE
/content/image_classification/Tobacco3482-jpg/ADVE/2021284642.jpg,ADVE
/content/image_classification/Tobacco3482-jpg/ADVE/tob01701.23.jpg,ADVE
/content/image_classification/Tobacco3482-jpg/ADVE/71895027.jpg,ADVE
/content/image_classification/Tobacco3482-jpg/ADVE/2501015790.jpg,ADVE
/content/image_classification/Tobacco3482-jpg/ADVE/2058504564.jpg,ADVE
/content/image_classification/Tobacco3482-jpg/ADVE/85251705.jpg,ADVE
/content/image_classification/Tobacco3482-jpg/ADVE/518050854_518050855.jpg,ADVE
/content/image_classification/Tobacco3482-jpg/ADVE/1002761869.jpg,ADVE
/content/image_classification/Tobacco3482-jpg/ADVE/503950104.jpg,ADVE
/content/image_classification/Tobacco3482-jpg/ADVE/2070711254_1255.jpg,ADVE
/content/image_classification/Tobacco3482-jpg/ADVE/04233037_04233039.jpg,ADVE
/content/image_classification/Tobacco3482-jpg/ADVE/93332074_2082.jpg,ADVE
/content/image_classification/Tobacco3482-jpg/ADVE/502607162+-7162.jpg,ADVE
/content/image_classification/Tobacco3482-jpg/ADVE/91551808.jpg,ADVE
/content/image_classification/Tobacco3482-jpg/ADVE/1005116329_6330.jpg,ADVE
/content/image_classification/Tobacco3482-jpg/ADVE/501303452+-3452.jpg,ADVE
/content/image_classification/Tobacco3482-jpg/ADVE/502473843.jpg,ADVE
/content/image_classification/Tobacco3482-jpg/ADVE/2070500515_0516.jpg,ADVE
/content/image_classification/Tobacco3482-jpg/ADVE/2061002797.jpg,ADVE
/content/image_classification/Tobacco3482-jpg/ADVE/03567810.jpg,ADVE
/content/image_classification/Tobacco3482-jpg/ADVE/2045573975.jpg,ADVE
/content/image_classification/Tobacco3482-jpg/ADVE/502141224.jpg,ADVE
/content/image_classification/Tobacco3482-jpg/ADVE/501947737_501947738.jpg,ADVE
/content/image_classification/Tobacco3482-jpg/ADVE/1002325458.jpg,ADVE
/content/image_classification/Tobacco3482-jpg/ADVE/2061002005.jpg,ADVE
/content/image_classification/Tobacco3482-jpg/ADVE/503960254.jpg,ADVE
/content/image_classification/Tobacco3482-jpg/ADVE/527844182+-4182.jpg,ADVE
/content/image_classification/Tobacco3482-jpg/ADVE/1005150029.jpg,ADVE
/content/image_classification/Tobacco3482-jpg/ADVE/502219477.jpg,ADVE
/content/image_classification/Tobacco3482-jpg/ADVE/1002761179.jpg,ADVE
/content/image_classification/Tobacco3482-jpg/ADVE/1002760819.jpg,ADVE
/content/image_classification/Tobacco3482-jpg/ADVE/2042333574.jpg,ADVE
/content/image_classification/Tobacco3482-jpg/ADVE/512725630.jpg,ADVE
/content/image_classification/Tobacco3482-jpg/ADVE/82262347_2348.jpg,ADVE
/content/image_classification/Tobacco3482-jpg/ADVE/2071465080_5081.jpg,ADVE
/content/image_classification/Tobacco3482-jpg/ADVE/502597916.jpg,ADVE
/content/image_classification/Tobacco3482-jpg/ADVE/ton01906.84.jpg,ADVE
/content/image_classification/Tobacco3482-jpg/ADVE/502611995a-1996.jpg,ADVE
/content/image_classification/Tobacco3482-jpg/ADVE/0030049569.jpg,ADVE
/content/image_classification/Tobacco3482-jpg/ADVE/509137948+-7949.jpg,ADVE
/content/image_classification/Tobacco3482-jpg/ADVE/93341527.jpg,ADVE
/content/image_classification/Tobacco3482-jpg/ADVE/89872610.jpg,ADVE
/content/image_classification/Tobacco3482-jpg/ADVE/502597344.jpg,ADVE
/content/image_classification/Tobacco3482-jpg/ADVE/514968966+-8967.jpg,ADVE
/content/image_classification/Tobacco3482-jpg/ADVE/2501053670.jpg,ADVE
/content/image_classification/Tobacco3482-jpg/ADVE/501131762+-1762.jpg,ADVE
/content/image_classification/Tobacco3482-jpg/ADVE/502595869.jpg,ADVE
/content/image_classification/Tobacco3482-jpg/ADVE/502593762.jpg,ADVE
/content/image_classification/Tobacco3482-jpg/ADVE/502595294.jpg,ADVE
/content/image_classification/Tobacco3482-jpg/ADVE/0030048989.jpg,ADVE
/content/image_classification/Tobacco3482-jpg/ADVE/2047920303.jpg,ADVE
/content/image_classification/Tobacco3482-jpg/ADVE/503783036+-3036.jpg,ADVE
/content/image_classification/Tobacco3482-jpg/ADVE/71178054.jpg,ADVE
/content/image_classification/Tobacco3482-jpg/ADVE/517500165+-0165.jpg,ADVE
/content/image_classification/Tobacco3482-jpg/ADVE/12320856.jpg,ADVE
/content/image_classification/Tobacco3482-jpg/ADVE/2084426710_6711.jpg,ADVE
/content/image_classification/Tobacco3482-jpg/ADVE/2024182848.jpg,ADVE
/content/image_classification/Tobacco3482-jpg/ADVE/2045830670.jpg,ADVE
/content/image_classification/Tobacco3482-jpg/ADVE/2063550295.jpg,ADVE
/content/image_classification/Tobacco3482-jpg/ADVE/502593053.jpg,ADVE
/content/image_classification/Tobacco3482-jpg/ADVE/509132587+-2587.jpg,ADVE
/content/image_classification/Tobacco3482-jpg/ADVE/2058502246.jpg,ADVE
/content/image_classification/Tobacco3482-jpg/ADVE/502474424.jpg,ADVE
/content/image_classification/Tobacco3482-jpg/ADVE/2023086360.jpg,ADVE
/content/image_classification/Tobacco3482-jpg/ADVE/515127169_515127171.jpg,ADVE
/content/image_classification/Tobacco3482-jpg/Email/531298458+-8472.jpg,Email
/content/image_classification/Tobacco3482-jpg/Email/2505229081a.jpg,Email
/content/image_classification/Tobacco3482-jpg/Email/2085107848.jpg,Email
/content/image_classification/Tobacco3482-jpg/Email/2078586412.jpg,Email
/content/image_classification/Tobacco3482-jpg/Email/2085795423.jpg,Email
/content/image_classification/Tobacco3482-jpg/Email/2084390753b.jpg,Email
/content/image_classification/Tobacco3482-jpg/Email/2067683989.jpg,Email
/content/image_classification/Tobacco3482-jpg/Email/2083319138c.jpg,Email
/content/image_classification/Tobacco3482-jpg/Email/2505170172.jpg,Email
/content/image_classification/Tobacco3482-jpg/Email/2081500771.jpg,Email
/content/image_classification/Tobacco3482-jpg/Email/2078305770.jpg,Email
/content/image_classification/Tobacco3482-jpg/Email/2064207054c.jpg,Email
/content/image_classification/Tobacco3482-jpg/Email/2078870030.jpg,Email
/content/image_classification/Tobacco3482-jpg/Email/2085776551.jpg,Email
/content/image_classification/Tobacco3482-jpg/Email/2085791853c_1854.jpg,Email
/content/image_classification/Tobacco3482-jpg/Email/2505476088a.jpg,Email
/content/image_classification/Tobacco3482-jpg/Email/2072568903a.jpg,Email
/content/image_classification/Tobacco3482-jpg/Email/2085114044b_4045.jpg,Email
/content/image_classification/Tobacco3482-jpg/Email/2085786587a.jpg,Email
/content/image_classification/Tobacco3482-jpg/Email/527865354+-5354.jpg,Email
/content/image_classification/Tobacco3482-jpg/Email/530038367+-8367.jpg,Email
/content/image_classification/Tobacco3482-jpg/Email/528377798+-7798.jpg,Email
/content/image_classification/Tobacco3482-jpg/Email/2714401005.jpg,Email
/content/image_classification/Tobacco3482-jpg/Email/2078705877_5880.jpg,Email
/content/image_classification/Tobacco3482-jpg/Email/2085782997a.jpg,Email
/content/image_classification/Tobacco3482-jpg/Email/2085111870a.jpg,Email
/content/image_classification/Tobacco3482-jpg/Email/528012479+-2479.jpg,Email
/content/image_classification/Tobacco3482-jpg/Email/2083292221.jpg,Email
/content/image_classification/Tobacco3482-jpg/Email/2080150556b.jpg,Email
/content/image_classification/Tobacco3482-jpg/Email/2074731290a.jpg,Email
/content/image_classification/Tobacco3482-jpg/Email/2085103737c.jpg,Email
/content/image_classification/Tobacco3482-jpg/Email/2085319449.jpg,Email
/content/image_classification/Tobacco3482-jpg/Email/2085116708.jpg,Email
/content/image_classification/Tobacco3482-jpg/Email/2077480206a.jpg,Email
/content/image_classification/Tobacco3482-jpg/Email/530465535+-5536.jpg,Email
/content/image_classification/Tobacco3482-jpg/Email/2085781094b.jpg,Email
/content/image_classification/Tobacco3482-jpg/Email/2070045922a.jpg,Email
/content/image_classification/Tobacco3482-jpg/Email/2071863734c.jpg,Email
/content/image_classification/Tobacco3482-jpg/Email/2070091787d.jpg,Email
/content/image_classification/Tobacco3482-jpg/Email/2081501359a.jpg,Email
/content/image_classification/Tobacco3482-jpg/Email/2081193524.jpg,Email
/content/image_classification/Tobacco3482-jpg/Email/2085757193.jpg,Email
/content/image_classification/Tobacco3482-jpg/Email/2085272616a.jpg,Email
/content/image_classification/Tobacco3482-jpg/Email/2505940096.jpg,Email
/content/image_classification/Tobacco3482-jpg/Email/528679489+-9489.jpg,Email
/content/image_classification/Tobacco3482-jpg/Email/2083618277a.jpg,Email
/content/image_classification/Tobacco3482-jpg/Email/2080185536.jpg,Email
/content/image_classification/Tobacco3482-jpg/Email/2505225305a.jpg,Email
/content/image_classification/Tobacco3482-jpg/Email/2075247914.jpg,Email
/content/image_classification/Tobacco3482-jpg/Email/2085760833a.jpg,Email
/content/image_classification/Tobacco3482-jpg/Email/2072389709c.jpg,Email
/content/image_classification/Tobacco3482-jpg/Email/2085753145a.jpg,Email
/content/image_classification/Tobacco3482-jpg/Email/2085123442.jpg,Email
/content/image_classification/Tobacco3482-jpg/Email/528581385+-1389.jpg,Email
/content/image_classification/Tobacco3482-jpg/Email/2077615469c.jpg,Email
/content/image_classification/Tobacco3482-jpg/Email/2085559043a.jpg,Email
/content/image_classification/Tobacco3482-jpg/Email/2075808091a.jpg,Email
/content/image_classification/Tobacco3482-jpg/Email/2078309558.jpg,Email
/content/image_classification/Tobacco3482-jpg/Email/2075057831a_7832.jpg,Email
/content/image_classification/Tobacco3482-jpg/Email/2067227128.jpg,Email
/content/image_classification/Tobacco3482-jpg/Email/528023553+-3553.jpg,Email
/content/image_classification/Tobacco3482-jpg/Email/2074602877.jpg,Email
/content/image_classification/Tobacco3482-jpg/Email/2078801610c.jpg,Email
/content/image_classification/Tobacco3482-jpg/Email/2085041601b.jpg,Email
/content/image_classification/Tobacco3482-jpg/Email/2077189218.jpg,Email
/content/image_classification/Tobacco3482-jpg/Email/2078209429a.jpg,Email
/content/image_classification/Tobacco3482-jpg/Email/2505413292.jpg,Email
/content/image_classification/Tobacco3482-jpg/Email/2085782641.jpg,Email
/content/image_classification/Tobacco3482-jpg/Email/2085754049c.jpg,Email
/content/image_classification/Tobacco3482-jpg/Email/528759181+-9183.jpg,Email
/content/image_classification/Tobacco3482-jpg/Email/2085774142.jpg,Email
/content/image_classification/Tobacco3482-jpg/Email/528449937+-9938.jpg,Email
/content/image_classification/Tobacco3482-jpg/Email/2085115771c.jpg,Email
/content/image_classification/Tobacco3482-jpg/Email/2085114496a.jpg,Email
/content/image_classification/Tobacco3482-jpg/Email/81841302.jpg,Email
/content/image_classification/Tobacco3482-jpg/Email/2081510216c.jpg,Email
/content/image_classification/Tobacco3482-jpg/Email/2072389400b.jpg,Email
/content/image_classification/Tobacco3482-jpg/Email/2078700602c.jpg,Email
/content/image_classification/Tobacco3482-jpg/Email/2074848927.jpg,Email
/content/image_classification/Tobacco3482-jpg/Email/2083204707.jpg,Email
/content/image_classification/Tobacco3482-jpg/Email/2085109520c_9521.jpg,Email
/content/image_classification/Tobacco3482-jpg/Email/2072482454.jpg,Email
/content/image_classification/Tobacco3482-jpg/Email/2076807350.jpg,Email
/content/image_classification/Tobacco3482-jpg/Email/2078373762.jpg,Email
/content/image_classification/Tobacco3482-jpg/Email/2505944249.jpg,Email
/content/image_classification/Tobacco3482-jpg/Email/2082782963.jpg,Email
/content/image_classification/Tobacco3482-jpg/Email/2080731955c.jpg,Email
/content/image_classification/Tobacco3482-jpg/Email/2078802755a.jpg,Email
/content/image_classification/Tobacco3482-jpg/Email/527974846+-4846.jpg,Email
/content/image_classification/Tobacco3482-jpg/Email/2083647487b.jpg,Email
/content/image_classification/Tobacco3482-jpg/Email/2085798744.jpg,Email
/content/image_classification/Tobacco3482-jpg/Email/2078424580.jpg,Email
/content/image_classification/Tobacco3482-jpg/Email/2080829018.jpg,Email
/content/image_classification/Tobacco3482-jpg/Email/2081970957a.jpg,Email
/content/image_classification/Tobacco3482-jpg/Email/2078637110.jpg,Email
/content/image_classification/Tobacco3482-jpg/Email/2078796699a.jpg,Email
/content/image_classification/Tobacco3482-jpg/Email/2085768458a.jpg,Email
/content/image_classification/Tobacco3482-jpg/Email/2082369729.jpg,Email
/content/image_classification/Tobacco3482-jpg/Email/99410006.jpg,Email
/content/image_classification/Tobacco3482-jpg/Email/2078174733_4734.jpg,Email
/content/image_classification/Tobacco3482-jpg/Email/2073258365.jpg,Email
/content/image_classification/Tobacco3482-jpg/Email/2085133858b.jpg,Email
/content/image_classification/Tobacco3482-jpg/Email/2078307912.jpg,Email
/content/image_classification/Tobacco3482-jpg/Email/2078337049d.jpg,Email
/content/image_classification/Tobacco3482-jpg/Email/2071863289a.jpg,Email
/content/image_classification/Tobacco3482-jpg/Email/2072356497d.jpg,Email
/content/image_classification/Tobacco3482-jpg/Email/2084391198a.jpg,Email
/content/image_classification/Tobacco3482-jpg/Email/2080265356.jpg,Email
/content/image_classification/Tobacco3482-jpg/Email/528029471+-9471.jpg,Email
/content/image_classification/Tobacco3482-jpg/Email/2072060377a.jpg,Email
/content/image_classification/Tobacco3482-jpg/Email/2081917771.jpg,Email
/content/image_classification/Tobacco3482-jpg/Email/2078349619.jpg,Email
/content/image_classification/Tobacco3482-jpg/Email/2505322245.jpg,Email
/content/image_classification/Tobacco3482-jpg/Email/2505226958.jpg,Email
/content/image_classification/Tobacco3482-jpg/Email/2072389522a_9523.jpg,Email
/content/image_classification/Tobacco3482-jpg/Email/528954681+-4681.jpg,Email
/content/image_classification/Tobacco3482-jpg/Email/528436790+-6790.jpg,Email
/content/image_classification/Tobacco3482-jpg/Email/528859565+-9566.jpg,Email
/content/image_classification/Tobacco3482-jpg/Email/528803013+-3014.jpg,Email
/content/image_classification/Tobacco3482-jpg/Email/2085108289.jpg,Email
/content/image_classification/Tobacco3482-jpg/Form/507222734.jpg,Form
/content/image_classification/Tobacco3482-jpg/Form/2043472071.jpg,Form
/content/image_classification/Tobacco3482-jpg/Form/2029001293.jpg,Form
/content/image_classification/Tobacco3482-jpg/Form/514182141+-2141.jpg,Form
/content/image_classification/Tobacco3482-jpg/Form/505726358_505726359.jpg,Form
/content/image_classification/Tobacco3482-jpg/Form/515540185.jpg,Form
/content/image_classification/Tobacco3482-jpg/Form/2074131808.jpg,Form
/content/image_classification/Tobacco3482-jpg/Form/2063330045.jpg,Form
/content/image_classification/Tobacco3482-jpg/Form/2077800601.jpg,Form
/content/image_classification/Tobacco3482-jpg/Form/94548296.jpg,Form
/content/image_classification/Tobacco3482-jpg/Form/2040758524.jpg,Form
/content/image_classification/Tobacco3482-jpg/Form/2080312930.jpg,Form
/content/image_classification/Tobacco3482-jpg/Form/2029148403.jpg,Form
/content/image_classification/Tobacco3482-jpg/Form/2030139269.jpg,Form
/content/image_classification/Tobacco3482-jpg/Form/514936770+-6770.jpg,Form
/content/image_classification/Tobacco3482-jpg/Form/520754836+-4838.jpg,Form
/content/image_classification/Tobacco3482-jpg/Form/2078252008.jpg,Form
/content/image_classification/Tobacco3482-jpg/Form/2065395481.jpg,Form
/content/image_classification/Tobacco3482-jpg/Form/507432558.jpg,Form
/content/image_classification/Tobacco3482-jpg/Form/2070710176.jpg,Form
/content/image_classification/Tobacco3482-jpg/Form/2500062018.jpg,Form
/content/image_classification/Tobacco3482-jpg/Form/2051064814_2051064816.jpg,Form
/content/image_classification/Tobacco3482-jpg/Form/2063305015_5016.jpg,Form
/content/image_classification/Tobacco3482-jpg/Form/2080114243.jpg,Form
/content/image_classification/Tobacco3482-jpg/Form/83477011.jpg,Form
/content/image_classification/Tobacco3482-jpg/Form/2505103752.jpg,Form
/content/image_classification/Tobacco3482-jpg/Form/2030190285.jpg,Form
/content/image_classification/Tobacco3482-jpg/Form/2045468031.jpg,Form
/content/image_classification/Tobacco3482-jpg/Form/2055400325.jpg,Form
/content/image_classification/Tobacco3482-jpg/Form/2028832264.jpg,Form
/content/image_classification/Tobacco3482-jpg/Form/2501611413.jpg,Form
/content/image_classification/Tobacco3482-jpg/Form/2071133389.jpg,Form
/content/image_classification/Tobacco3482-jpg/Form/2040761653.jpg,Form
/content/image_classification/Tobacco3482-jpg/Form/2501858707.jpg,Form
/content/image_classification/Tobacco3482-jpg/Form/504428178_504428181.jpg,Form
/content/image_classification/Tobacco3482-jpg/Form/2028834778_2028834779.jpg,Form
/content/image_classification/Tobacco3482-jpg/Form/2043134349.jpg,Form
/content/image_classification/Tobacco3482-jpg/Form/2077883186.jpg,Form
/content/image_classification/Tobacco3482-jpg/Form/2040972351.jpg,Form
/content/image_classification/Tobacco3482-jpg/Form/501915092.jpg,Form
/content/image_classification/Tobacco3482-jpg/Form/2505119474.jpg,Form
/content/image_classification/Tobacco3482-jpg/Form/2502054295.jpg,Form
/content/image_classification/Tobacco3482-jpg/Form/2030982612_2030982615.jpg,Form
/content/image_classification/Tobacco3482-jpg/Form/508871780+-1783.jpg,Form
/content/image_classification/Tobacco3482-jpg/Form/2025827751.jpg,Form
/content/image_classification/Tobacco3482-jpg/Form/2030455607.jpg,Form
/content/image_classification/Tobacco3482-jpg/Form/2029087248.jpg,Form
/content/image_classification/Tobacco3482-jpg/Form/2067560112.jpg,Form
/content/image_classification/Tobacco3482-jpg/Form/00064657.jpg,Form
/content/image_classification/Tobacco3482-jpg/Form/2084372039.jpg,Form
/content/image_classification/Tobacco3482-jpg/Form/2086080713.jpg,Form
/content/image_classification/Tobacco3482-jpg/Form/2028706323.jpg,Form
/content/image_classification/Tobacco3482-jpg/Form/2063643759_3768.jpg,Form
/content/image_classification/Tobacco3482-jpg/Form/2070709268.jpg,Form
/content/image_classification/Tobacco3482-jpg/Form/2056599150.jpg,Form
/content/image_classification/Tobacco3482-jpg/Form/2028676247.jpg,Form
/content/image_classification/Tobacco3482-jpg/Form/2041774106.jpg,Form
/content/image_classification/Tobacco3482-jpg/Form/2084116356.jpg,Form
/content/image_classification/Tobacco3482-jpg/Form/2084090691.jpg,Form
/content/image_classification/Tobacco3482-jpg/Form/2051163935.jpg,Form
/content/image_classification/Tobacco3482-jpg/Form/2064200566.jpg,Form
/content/image_classification/Tobacco3482-jpg/Form/2045007011.jpg,Form
/content/image_classification/Tobacco3482-jpg/Form/2045869672.jpg,Form
/content/image_classification/Tobacco3482-jpg/Form/2040973918.jpg,Form
/content/image_classification/Tobacco3482-jpg/Form/506810079+-0080.jpg,Form
/content/image_classification/Tobacco3482-jpg/Form/2063195729.jpg,Form
/content/image_classification/Tobacco3482-jpg/Form/521068371+-8371.jpg,Form
/content/image_classification/Tobacco3482-jpg/Form/93495597.jpg,Form
/content/image_classification/Tobacco3482-jpg/Form/2043460274-b.jpg,Form
/content/image_classification/Tobacco3482-jpg/Form/2075714490.jpg,Form
/content/image_classification/Tobacco3482-jpg/Form/2028877028.jpg,Form
/content/image_classification/Tobacco3482-jpg/Form/2040972331.jpg,Form
/content/image_classification/Tobacco3482-jpg/Form/2030119286.jpg,Form
/content/image_classification/Tobacco3482-jpg/Form/523090481+-0483.jpg,Form
/content/image_classification/Tobacco3482-jpg/Form/71360042.jpg,Form
/content/image_classification/Tobacco3482-jpg/Form/2086082866.jpg,Form
/content/image_classification/Tobacco3482-jpg/Form/2024494158-a.jpg,Form
/content/image_classification/Tobacco3482-jpg/Form/518095301.jpg,Form
/content/image_classification/Tobacco3482-jpg/Form/92662989.jpg,Form
/content/image_classification/Tobacco3482-jpg/Form/2029221507.jpg,Form
/content/image_classification/Tobacco3482-jpg/Form/2050883337.jpg,Form
/content/image_classification/Tobacco3482-jpg/Form/2028706067.jpg,Form
/content/image_classification/Tobacco3482-jpg/Form/2054647558.jpg,Form
/content/image_classification/Tobacco3482-jpg/Form/2022954637.jpg,Form
/content/image_classification/Tobacco3482-jpg/Form/2505203747.jpg,Form
/content/image_classification/Tobacco3482-jpg/Form/2086085674.jpg,Form
/content/image_classification/Tobacco3482-jpg/Form/87116586_6588.jpg,Form
/content/image_classification/Tobacco3482-jpg/Form/2050647259-b.jpg,Form
/content/image_classification/Tobacco3482-jpg/Form/2050663442.jpg,Form
/content/image_classification/Tobacco3482-jpg/Form/505852586_505852607.jpg,Form
/content/image_classification/Tobacco3482-jpg/Form/2029200575.jpg,Form
/content/image_classification/Tobacco3482-jpg/Form/87052570.jpg,Form
/content/image_classification/Tobacco3482-jpg/Form/2073087305.jpg,Form
/content/image_classification/Tobacco3482-jpg/Form/2051243678.jpg,Form
/content/image_classification/Tobacco3482-jpg/Form/96334543_4546.jpg,Form
/content/image_classification/Tobacco3482-jpg/Form/507920731_507920735.jpg,Form
/content/image_classification/Tobacco3482-jpg/Form/2030113468.jpg,Form
/content/image_classification/Tobacco3482-jpg/Form/2029207880.jpg,Form
/content/image_classification/Tobacco3482-jpg/Form/2029148409.jpg,Form
/content/image_classification/Tobacco3482-jpg/Form/2076200495.jpg,Form
/content/image_classification/Tobacco3482-jpg/Form/2048316435.jpg,Form
/content/image_classification/Tobacco3482-jpg/Form/2028991095.jpg,Form
/content/image_classification/Tobacco3482-jpg/Form/515476087_515476089.jpg,Form
/content/image_classification/Tobacco3482-jpg/Form/87452548.jpg,Form
/content/image_classification/Tobacco3482-jpg/Form/2083862805.jpg,Form
/content/image_classification/Tobacco3482-jpg/Form/2061504333.jpg,Form
/content/image_classification/Tobacco3482-jpg/Form/96690786.jpg,Form
/content/image_classification/Tobacco3482-jpg/Form/508851993+-1993.jpg,Form
/content/image_classification/Tobacco3482-jpg/Form/509322176+-2176.jpg,Form
/content/image_classification/Tobacco3482-jpg/Form/2505654925.jpg,Form
/content/image_classification/Tobacco3482-jpg/Form/505990902.jpg,Form
/content/image_classification/Tobacco3482-jpg/Form/2501422412.jpg,Form
/content/image_classification/Tobacco3482-jpg/Form/2051160492.jpg,Form
/content/image_classification/Tobacco3482-jpg/Form/2086083943.jpg,Form
/content/image_classification/Tobacco3482-jpg/Form/2064800936.jpg,Form
/content/image_classification/Tobacco3482-jpg/Form/522502497+-2499.jpg,Form
/content/image_classification/Tobacco3482-jpg/Form/2085673496.jpg,Form
/content/image_classification/Tobacco3482-jpg/Form/2063195647.jpg,Form
/content/image_classification/Tobacco3482-jpg/Form/95857211_7212.jpg,Form
/content/image_classification/Tobacco3482-jpg/Form/2025558567.jpg,Form
/content/image_classification/Tobacco3482-jpg/Letter/timo0003651_3652.jpg,Letter
/content/image_classification/Tobacco3482-jpg/Letter/505649215_505649221.jpg,Letter
/content/image_classification/Tobacco3482-jpg/Letter/512011799+-1799.jpg,Letter
/content/image_classification/Tobacco3482-jpg/Letter/505354097_505354098.jpg,Letter
/content/image_classification/Tobacco3482-jpg/Letter/504009806.jpg,Letter
/content/image_classification/Tobacco3482-jpg/Letter/50224756-4756.jpg,Letter
/content/image_classification/Tobacco3482-jpg/Letter/506263567_506263572.jpg,Letter
/content/image_classification/Tobacco3482-jpg/Letter/CTRSP-FILES003409-34.jpg,Letter
/content/image_classification/Tobacco3482-jpg/Letter/507124268+-4270.jpg,Letter
/content/image_classification/Tobacco3482-jpg/Letter/510112796+-2797.jpg,Letter
/content/image_classification/Tobacco3482-jpg/Letter/505311822.jpg,Letter
/content/image_classification/Tobacco3482-jpg/Letter/10381924.jpg,Letter
/content/image_classification/Tobacco3482-jpg/Letter/504660175+-0176.jpg,Letter
/content/image_classification/Tobacco3482-jpg/Letter/508976810_508976811.jpg,Letter
/content/image_classification/Tobacco3482-jpg/Letter/tnwl0029158.jpg,Letter
/content/image_classification/Tobacco3482-jpg/Letter/507966367+-6367.jpg,Letter
/content/image_classification/Tobacco3482-jpg/Letter/508542996_508542997.jpg,Letter
/content/image_classification/Tobacco3482-jpg/Letter/10403212.jpg,Letter
/content/image_classification/Tobacco3482-jpg/Letter/10427746.jpg,Letter
/content/image_classification/Tobacco3482-jpg/Letter/ton00908.15.jpg,Letter
/content/image_classification/Tobacco3482-jpg/Letter/11293403.jpg,Letter
/content/image_classification/Tobacco3482-jpg/Letter/tob03000.60.jpg,Letter
/content/image_classification/Tobacco3482-jpg/Letter/10390058.jpg,Letter
/content/image_classification/Tobacco3482-jpg/Letter/514116293+-6293.jpg,Letter
/content/image_classification/Tobacco3482-jpg/Letter/586670.jpg,Letter
/content/image_classification/Tobacco3482-jpg/Letter/504262724_504262728.jpg,Letter
/content/image_classification/Tobacco3482-jpg/Letter/505454926h_505454926i.jpg,Letter
/content/image_classification/Tobacco3482-jpg/Letter/50050161.jpg,Letter
/content/image_classification/Tobacco3482-jpg/Letter/518768911+-8911.jpg,Letter
/content/image_classification/Tobacco3482-jpg/Letter/511241254.jpg,Letter
/content/image_classification/Tobacco3482-jpg/Letter/71210664.jpg,Letter
/content/image_classification/Tobacco3482-jpg/Letter/50048797.jpg,Letter
/content/image_classification/Tobacco3482-jpg/Letter/60012400.jpg,Letter
/content/image_classification/Tobacco3482-jpg/Letter/519878148+-8149.jpg,Letter
/content/image_classification/Tobacco3482-jpg/Letter/518193540.jpg,Letter
/content/image_classification/Tobacco3482-jpg/Letter/512753125.jpg,Letter
/content/image_classification/Tobacco3482-jpg/Letter/520222764+-2764.jpg,Letter
/content/image_classification/Tobacco3482-jpg/Letter/524569241+-9242.jpg,Letter
/content/image_classification/Tobacco3482-jpg/Letter/11001828_11001829.jpg,Letter
/content/image_classification/Tobacco3482-jpg/Letter/515121473+-1475.jpg,Letter
/content/image_classification/Tobacco3482-jpg/Letter/50365515-5515.jpg,Letter
/content/image_classification/Tobacco3482-jpg/Letter/518288917+-8918.jpg,Letter
/content/image_classification/Tobacco3482-jpg/Letter/506079937.jpg,Letter
/content/image_classification/Tobacco3482-jpg/Letter/518036678+-6680.jpg,Letter
/content/image_classification/Tobacco3482-jpg/Letter/507407645.jpg,Letter
/content/image_classification/Tobacco3482-jpg/Letter/509153956.jpg,Letter
/content/image_classification/Tobacco3482-jpg/Letter/502364579.jpg,Letter
/content/image_classification/Tobacco3482-jpg/Letter/50093420-3421.jpg,Letter
/content/image_classification/Tobacco3482-jpg/Letter/508217217_508217221.jpg,Letter
/content/image_classification/Tobacco3482-jpg/Letter/60009710.jpg,Letter
/content/image_classification/Tobacco3482-jpg/Letter/12745912.jpg,Letter
/content/image_classification/Tobacco3482-jpg/Letter/ti03840086_0087.jpg,Letter
/content/image_classification/Tobacco3482-jpg/Letter/71119336.jpg,Letter
/content/image_classification/Tobacco3482-jpg/Letter/508500970.jpg,Letter
/content/image_classification/Tobacco3482-jpg/Letter/727296.jpg,Letter
/content/image_classification/Tobacco3482-jpg/Letter/520546820+-6823.jpg,Letter
/content/image_classification/Tobacco3482-jpg/Letter/504732186+-2187.jpg,Letter
/content/image_classification/Tobacco3482-jpg/Letter/502684440.jpg,Letter
/content/image_classification/Tobacco3482-jpg/Letter/505449159_505449162.jpg,Letter
/content/image_classification/Tobacco3482-jpg/Letter/50551250-1251.jpg,Letter
/content/image_classification/Tobacco3482-jpg/Letter/tob08602.49.jpg,Letter
/content/image_classification/Tobacco3482-jpg/Letter/689417.jpg,Letter
/content/image_classification/Tobacco3482-jpg/Letter/50519386-9386.jpg,Letter
/content/image_classification/Tobacco3482-jpg/Letter/511994948+-4948.jpg,Letter
/content/image_classification/Tobacco3482-jpg/Letter/653346.jpg,Letter
/content/image_classification/Tobacco3482-jpg/Letter/524945610+-5611.jpg,Letter
/content/image_classification/Tobacco3482-jpg/Letter/514963180+-3180.jpg,Letter
/content/image_classification/Tobacco3482-jpg/Letter/50004413_50004414.jpg,Letter
/content/image_classification/Tobacco3482-jpg/Letter/11318657.jpg,Letter
/content/image_classification/Tobacco3482-jpg/Letter/519585825+-5829.jpg,Letter
/content/image_classification/Tobacco3482-jpg/Letter/510623450.jpg,Letter
/content/image_classification/Tobacco3482-jpg/Letter/504381073.jpg,Letter
/content/image_classification/Tobacco3482-jpg/Letter/504236557.jpg,Letter
/content/image_classification/Tobacco3482-jpg/Letter/11019361.jpg,Letter
/content/image_classification/Tobacco3482-jpg/Letter/517783754+-3754.jpg,Letter
/content/image_classification/Tobacco3482-jpg/Letter/50218257-8257.jpg,Letter
/content/image_classification/Tobacco3482-jpg/Letter/50007953.jpg,Letter
/content/image_classification/Tobacco3482-jpg/Letter/511023955.jpg,Letter
/content/image_classification/Tobacco3482-jpg/Letter/10235850.jpg,Letter
/content/image_classification/Tobacco3482-jpg/Letter/600552.jpg,Letter
/content/image_classification/Tobacco3482-jpg/Letter/501476059.jpg,Letter
/content/image_classification/Tobacco3482-jpg/Letter/506226060_506226061.jpg,Letter
/content/image_classification/Tobacco3482-jpg/Letter/0055501936.jpg,Letter
/content/image_classification/Tobacco3482-jpg/Letter/516015914+-5914.jpg,Letter
/content/image_classification/Tobacco3482-jpg/Letter/507386652+-6652.jpg,Letter
/content/image_classification/Tobacco3482-jpg/Letter/504334188_504334189.jpg,Letter
/content/image_classification/Tobacco3482-jpg/Letter/522028451+-8451.jpg,Letter
/content/image_classification/Tobacco3482-jpg/Letter/520070902+-0902.jpg,Letter
/content/image_classification/Tobacco3482-jpg/Letter/501725136_501725137.jpg,Letter
/content/image_classification/Tobacco3482-jpg/Letter/518424618+-4618.jpg,Letter
/content/image_classification/Tobacco3482-jpg/Letter/10392535.jpg,Letter
/content/image_classification/Tobacco3482-jpg/Letter/50133805-3805.jpg,Letter
/content/image_classification/Tobacco3482-jpg/Letter/502379814_502379820.jpg,Letter
/content/image_classification/Tobacco3482-jpg/Letter/501542245.jpg,Letter
/content/image_classification/Tobacco3482-jpg/Letter/10389325.jpg,Letter
/content/image_classification/Tobacco3482-jpg/Letter/ton01402.63_ton01402.65.jpg,Letter
/content/image_classification/Tobacco3482-jpg/Letter/517572982+-2983.jpg,Letter
/content/image_classification/Tobacco3482-jpg/Letter/521479934+-9934.jpg,Letter
/content/image_classification/Tobacco3482-jpg/Letter/502298366+-8366.jpg,Letter
/content/image_classification/Tobacco3482-jpg/Letter/512540914_512540915.jpg,Letter
/content/image_classification/Tobacco3482-jpg/Letter/510221250_510221253.jpg,Letter
/content/image_classification/Tobacco3482-jpg/Letter/504275731.jpg,Letter
/content/image_classification/Tobacco3482-jpg/Letter/titl0003493_3506.jpg,Letter
/content/image_classification/Tobacco3482-jpg/Letter/515682605.jpg,Letter
/content/image_classification/Tobacco3482-jpg/Letter/13010826_13010827.jpg,Letter
/content/image_classification/Tobacco3482-jpg/Letter/44006199_44006202.jpg,Letter
/content/image_classification/Tobacco3482-jpg/Letter/10005191.jpg,Letter
/content/image_classification/Tobacco3482-jpg/Letter/501943572+-3574.jpg,Letter
/content/image_classification/Tobacco3482-jpg/Letter/500187028.jpg,Letter
/content/image_classification/Tobacco3482-jpg/Letter/507360836+-0837.jpg,Letter
/content/image_classification/Tobacco3482-jpg/Letter/504739223+-9228.jpg,Letter
/content/image_classification/Tobacco3482-jpg/Letter/11288120.jpg,Letter
/content/image_classification/Tobacco3482-jpg/Letter/500219724+-9725.jpg,Letter
/content/image_classification/Tobacco3482-jpg/Letter/60018214.jpg,Letter
/content/image_classification/Tobacco3482-jpg/Letter/503500305_503500306.jpg,Letter
/content/image_classification/Tobacco3482-jpg/Letter/505688958+-8963.jpg,Letter
/content/image_classification/Tobacco3482-jpg/Letter/512315558.jpg,Letter
/content/image_classification/Tobacco3482-jpg/Letter/504301618+-1618.jpg,Letter
/content/image_classification/Tobacco3482-jpg/Letter/506063133_506063136.jpg,Letter
/content/image_classification/Tobacco3482-jpg/Letter/515809872_515809874.jpg,Letter
/content/image_classification/Tobacco3482-jpg/Memo/2024986135.jpg,Memo
/content/image_classification/Tobacco3482-jpg/Memo/2073437503_7504.jpg,Memo
/content/image_classification/Tobacco3482-jpg/Memo/2074110669.jpg,Memo
/content/image_classification/Tobacco3482-jpg/Memo/0000146942.jpg,Memo
/content/image_classification/Tobacco3482-jpg/Memo/2040358117.jpg,Memo
/content/image_classification/Tobacco3482-jpg/Memo/2022233786.jpg,Memo
/content/image_classification/Tobacco3482-jpg/Memo/2050941553.jpg,Memo
/content/image_classification/Tobacco3482-jpg/Memo/88990360.jpg,Memo
/content/image_classification/Tobacco3482-jpg/Memo/93252933.jpg,Memo
/content/image_classification/Tobacco3482-jpg/Memo/2022164378.jpg,Memo
/content/image_classification/Tobacco3482-jpg/Memo/2041874888.jpg,Memo
/content/image_classification/Tobacco3482-jpg/Memo/89002796.jpg,Memo
/content/image_classification/Tobacco3482-jpg/Memo/2023408782_2023408790.jpg,Memo
/content/image_classification/Tobacco3482-jpg/Memo/0000118560.jpg,Memo
/content/image_classification/Tobacco3482-jpg/Memo/2071860205_0207.jpg,Memo
/content/image_classification/Tobacco3482-jpg/Memo/1001854931.jpg,Memo
/content/image_classification/Tobacco3482-jpg/Memo/2073497485_7486.jpg,Memo
/content/image_classification/Tobacco3482-jpg/Memo/2024821651_1652.jpg,Memo
/content/image_classification/Tobacco3482-jpg/Memo/tob00500.02.jpg,Memo
/content/image_classification/Tobacco3482-jpg/Memo/2073365529_5534.jpg,Memo
/content/image_classification/Tobacco3482-jpg/Memo/2048965327_2048965331.jpg,Memo
/content/image_classification/Tobacco3482-jpg/Memo/2051034159.jpg,Memo
/content/image_classification/Tobacco3482-jpg/Memo/87222823_2825.jpg,Memo
/content/image_classification/Tobacco3482-jpg/Memo/1003640109.jpg,Memo
/content/image_classification/Tobacco3482-jpg/Memo/2055649545.jpg,Memo
/content/image_classification/Tobacco3482-jpg/Memo/91971720_1721.jpg,Memo
/content/image_classification/Tobacco3482-jpg/Memo/86002263.jpg,Memo
/content/image_classification/Tobacco3482-jpg/Memo/2051124321_2051124322.jpg,Memo
/content/image_classification/Tobacco3482-jpg/Memo/96653443.jpg,Memo
/content/image_classification/Tobacco3482-jpg/Memo/2073932597.jpg,Memo
/content/image_classification/Tobacco3482-jpg/Memo/2060353871-a_2060353872.jpg,Memo
/content/image_classification/Tobacco3482-jpg/Memo/2024462000_2024462016.jpg,Memo
/content/image_classification/Tobacco3482-jpg/Memo/2026164697_2026164699.jpg,Memo
/content/image_classification/Tobacco3482-jpg/Memo/2020134234.jpg,Memo
/content/image_classification/Tobacco3482-jpg/Memo/0000141695.jpg,Memo
/content/image_classification/Tobacco3482-jpg/Memo/0000547826.jpg,Memo
/content/image_classification/Tobacco3482-jpg/Memo/1001854313.jpg,Memo
/content/image_classification/Tobacco3482-jpg/Memo/2040465704.jpg,Memo
/content/image_classification/Tobacco3482-jpg/Memo/04004176.jpg,Memo
/content/image_classification/Tobacco3482-jpg/Memo/2056172030_2056172032.jpg,Memo
/content/image_classification/Tobacco3482-jpg/Memo/2050959395_2050959399.jpg,Memo
/content/image_classification/Tobacco3482-jpg/Memo/2049050527_2049050536.jpg,Memo
/content/image_classification/Tobacco3482-jpg/Memo/0000065944.jpg,Memo
/content/image_classification/Tobacco3482-jpg/Memo/2505338622.jpg,Memo
/content/image_classification/Tobacco3482-jpg/Memo/0000347162.jpg,Memo
/content/image_classification/Tobacco3482-jpg/Memo/603677.jpg,Memo
/content/image_classification/Tobacco3482-jpg/Memo/0000022175.jpg,Memo
/content/image_classification/Tobacco3482-jpg/Memo/2051083199.jpg,Memo
/content/image_classification/Tobacco3482-jpg/Memo/2053471549.jpg,Memo
/content/image_classification/Tobacco3482-jpg/Memo/2046000414_2046000415.jpg,Memo
/content/image_classification/Tobacco3482-jpg/Memo/85146382.jpg,Memo
/content/image_classification/Tobacco3482-jpg/Memo/01046565.jpg,Memo
/content/image_classification/Tobacco3482-jpg/Memo/2074865778_5785.jpg,Memo
/content/image_classification/Tobacco3482-jpg/Memo/00137810_00137811.jpg,Memo
/content/image_classification/Tobacco3482-jpg/Memo/2024547864_2024547866.jpg,Memo
/content/image_classification/Tobacco3482-jpg/Memo/2070135879.jpg,Memo
/content/image_classification/Tobacco3482-jpg/Memo/2042813526_2042813527.jpg,Memo
/content/image_classification/Tobacco3482-jpg/Memo/0000328495.jpg,Memo
/content/image_classification/Tobacco3482-jpg/Memo/2072665602.jpg,Memo
/content/image_classification/Tobacco3482-jpg/Memo/2061880058_0070.jpg,Memo
/content/image_classification/Tobacco3482-jpg/Memo/89282835.jpg,Memo
/content/image_classification/Tobacco3482-jpg/Memo/0000059503.jpg,Memo
/content/image_classification/Tobacco3482-jpg/Memo/88116311_88116313.jpg,Memo
/content/image_classification/Tobacco3482-jpg/Memo/2024072051_2024072053.jpg,Memo
/content/image_classification/Tobacco3482-jpg/Memo/2040324939.jpg,Memo
/content/image_classification/Tobacco3482-jpg/Memo/1000767446.jpg,Memo
/content/image_classification/Tobacco3482-jpg/Memo/2025614641_2025614644.jpg,Memo
/content/image_classification/Tobacco3482-jpg/Memo/2024939330.jpg,Memo
/content/image_classification/Tobacco3482-jpg/Memo/2020280503.jpg,Memo
/content/image_classification/Tobacco3482-jpg/Memo/96018853_8858.jpg,Memo
/content/image_classification/Tobacco3482-jpg/Memo/0000296750.jpg,Memo
/content/image_classification/Tobacco3482-jpg/Memo/tob08906.50.jpg,Memo
/content/image_classification/Tobacco3482-jpg/Memo/2057702349.jpg,Memo
/content/image_classification/Tobacco3482-jpg/Memo/2504078584_2504078585.jpg,Memo
/content/image_classification/Tobacco3482-jpg/Memo/01247680.jpg,Memo
/content/image_classification/Tobacco3482-jpg/Memo/2064509602_9604.jpg,Memo
/content/image_classification/Tobacco3482-jpg/Memo/2051035077_5081.jpg,Memo
/content/image_classification/Tobacco3482-jpg/Memo/2043230684_2043230686.jpg,Memo
/content/image_classification/Tobacco3482-jpg/Memo/85418261.jpg,Memo
/content/image_classification/Tobacco3482-jpg/Memo/2041563228_2041563229.jpg,Memo
/content/image_classification/Tobacco3482-jpg/Memo/2050801870_1873.jpg,Memo
/content/image_classification/Tobacco3482-jpg/Memo/1003479904.jpg,Memo
/content/image_classification/Tobacco3482-jpg/Memo/2042812605.jpg,Memo
/content/image_classification/Tobacco3482-jpg/Memo/85014287_4299.jpg,Memo
/content/image_classification/Tobacco3482-jpg/Memo/1001850798.jpg,Memo
/content/image_classification/Tobacco3482-jpg/Memo/2074663413_3414.jpg,Memo
/content/image_classification/Tobacco3482-jpg/Memo/2042111525_2042111534.jpg,Memo
/content/image_classification/Tobacco3482-jpg/Memo/2023118626_2023118627.jpg,Memo
/content/image_classification/Tobacco3482-jpg/Memo/2023551065_2023551066.jpg,Memo
/content/image_classification/Tobacco3482-jpg/Memo/80552294.jpg,Memo
/content/image_classification/Tobacco3482-jpg/Memo/88889211.jpg,Memo
/content/image_classification/Tobacco3482-jpg/Memo/83644858.jpg,Memo
/content/image_classification/Tobacco3482-jpg/Memo/00119510.jpg,Memo
/content/image_classification/Tobacco3482-jpg/Memo/2048124824_4825.jpg,Memo
/content/image_classification/Tobacco3482-jpg/Memo/1000799097.jpg,Memo
/content/image_classification/Tobacco3482-jpg/Memo/2080896959_6964.jpg,Memo
/content/image_classification/Tobacco3482-jpg/Memo/2029198047_2029198056.jpg,Memo
/content/image_classification/Tobacco3482-jpg/Memo/2041400194.jpg,Memo
/content/image_classification/Tobacco3482-jpg/Memo/44007097.jpg,Memo
/content/image_classification/Tobacco3482-jpg/Memo/2012580836.jpg,Memo
/content/image_classification/Tobacco3482-jpg/Memo/2022177049_2022177054.jpg,Memo
/content/image_classification/Tobacco3482-jpg/Memo/1001889415.jpg,Memo
/content/image_classification/Tobacco3482-jpg/Memo/82581670.jpg,Memo
/content/image_classification/Tobacco3482-jpg/Memo/2076900993.jpg,Memo
/content/image_classification/Tobacco3482-jpg/Memo/2030471856.jpg,Memo
/content/image_classification/Tobacco3482-jpg/Memo/87915745_87915751.jpg,Memo
/content/image_classification/Tobacco3482-jpg/Memo/ton00631.03_ton00631.05.jpg,Memo
/content/image_classification/Tobacco3482-jpg/Memo/0000936338.jpg,Memo
/content/image_classification/Tobacco3482-jpg/Memo/93208121.jpg,Memo
/content/image_classification/Tobacco3482-jpg/Memo/2063695266_5268.jpg,Memo
/content/image_classification/Tobacco3482-jpg/Memo/88063780.jpg,Memo
/content/image_classification/Tobacco3482-jpg/Memo/85615141.jpg,Memo
/content/image_classification/Tobacco3482-jpg/Memo/0000029906.jpg,Memo
/content/image_classification/Tobacco3482-jpg/Memo/2061678550.jpg,Memo
/content/image_classification/Tobacco3482-jpg/Memo/2015023714.jpg,Memo
/content/image_classification/Tobacco3482-jpg/Memo/2042014987.jpg,Memo
/content/image_classification/Tobacco3482-jpg/Memo/89678340.jpg,Memo
/content/image_classification/Tobacco3482-jpg/Memo/89481112_1122.jpg,Memo
/content/image_classification/Tobacco3482-jpg/Memo/2045482589_2590.jpg,Memo
/content/image_classification/Tobacco3482-jpg/Memo/2073114345.jpg,Memo
/content/image_classification/Tobacco3482-jpg/News/1002402743a.jpg,News
/content/image_classification/Tobacco3482-jpg/News/2024210851.jpg,News
/content/image_classification/Tobacco3482-jpg/News/2074121288.jpg,News
/content/image_classification/Tobacco3482-jpg/News/50265293-5293.jpg,News
/content/image_classification/Tobacco3482-jpg/News/2001222207.jpg,News
/content/image_classification/Tobacco3482-jpg/News/2505370845.jpg,News
/content/image_classification/Tobacco3482-jpg/News/1003099991.jpg,News
/content/image_classification/Tobacco3482-jpg/News/2046117930.jpg,News
/content/image_classification/Tobacco3482-jpg/News/1003044360-a.jpg,News
/content/image_classification/Tobacco3482-jpg/News/80307630a.jpg,News
/content/image_classification/Tobacco3482-jpg/News/01182899.jpg,News
/content/image_classification/Tobacco3482-jpg/News/2080714838.jpg,News
/content/image_classification/Tobacco3482-jpg/News/2025028644.jpg,News
/content/image_classification/Tobacco3482-jpg/News/2025028981-e.jpg,News
/content/image_classification/Tobacco3482-jpg/News/2023269862.jpg,News
/content/image_classification/Tobacco3482-jpg/News/2047870236.jpg,News
/content/image_classification/Tobacco3482-jpg/News/2083790656.jpg,News
/content/image_classification/Tobacco3482-jpg/News/0000940821.jpg,News
/content/image_classification/Tobacco3482-jpg/News/2023266800.jpg,News
/content/image_classification/Tobacco3482-jpg/News/1005037224-a.jpg,News
/content/image_classification/Tobacco3482-jpg/News/2501047925.jpg,News
/content/image_classification/Tobacco3482-jpg/News/2063832954.jpg,News
/content/image_classification/Tobacco3482-jpg/News/10031067.jpg,News
/content/image_classification/Tobacco3482-jpg/News/2083542628.jpg,News
/content/image_classification/Tobacco3482-jpg/News/1005150791.jpg,News
/content/image_classification/Tobacco3482-jpg/News/2046305055.jpg,News
/content/image_classification/Tobacco3482-jpg/News/1004859787.jpg,News
/content/image_classification/Tobacco3482-jpg/News/10029418.jpg,News
/content/image_classification/Tobacco3482-jpg/News/2073582086.jpg,News
/content/image_classification/Tobacco3482-jpg/News/2046468258.jpg,News
/content/image_classification/Tobacco3482-jpg/News/2046585258.jpg,News
/content/image_classification/Tobacco3482-jpg/News/2072097814_7815.jpg,News
/content/image_classification/Tobacco3482-jpg/News/1003042513-b.jpg,News
/content/image_classification/Tobacco3482-jpg/News/2070897169.jpg,News
/content/image_classification/Tobacco3482-jpg/News/2025635504.jpg,News
/content/image_classification/Tobacco3482-jpg/News/2070051956.jpg,News
/content/image_classification/Tobacco3482-jpg/News/03747860.jpg,News
/content/image_classification/Tobacco3482-jpg/News/10405567.jpg,News
/content/image_classification/Tobacco3482-jpg/News/2063887409.jpg,News
/content/image_classification/Tobacco3482-jpg/News/89268210.jpg,News
/content/image_classification/Tobacco3482-jpg/News/10030463.jpg,News
/content/image_classification/Tobacco3482-jpg/News/1003043510-a.jpg,News
/content/image_classification/Tobacco3482-jpg/News/03620726.jpg,News
/content/image_classification/Tobacco3482-jpg/News/2025500007.jpg,News
/content/image_classification/Tobacco3482-jpg/News/2010030882.jpg,News
/content/image_classification/Tobacco3482-jpg/News/1002403141.jpg,News
/content/image_classification/Tobacco3482-jpg/News/10029716.jpg,News
/content/image_classification/Tobacco3482-jpg/News/89685528.jpg,News
/content/image_classification/Tobacco3482-jpg/News/60007601.jpg,News
/content/image_classification/Tobacco3482-jpg/News/2023271099.jpg,News
/content/image_classification/Tobacco3482-jpg/News/04328080.jpg,News
/content/image_classification/Tobacco3482-jpg/News/1003538199-a.jpg,News
/content/image_classification/Tobacco3482-jpg/News/10029170.jpg,News
/content/image_classification/Tobacco3482-jpg/News/2501204899.jpg,News
/content/image_classification/Tobacco3482-jpg/News/2047577340.jpg,News
/content/image_classification/Tobacco3482-jpg/News/03754144-b.jpg,News
/content/image_classification/Tobacco3482-jpg/News/2083547815_7816.jpg,News
/content/image_classification/Tobacco3482-jpg/News/2025880123.jpg,News
/content/image_classification/Tobacco3482-jpg/News/2070109534_9535.jpg,News
/content/image_classification/Tobacco3482-jpg/News/2046562645.jpg,News
/content/image_classification/Tobacco3482-jpg/News/91017445.jpg,News
/content/image_classification/Tobacco3482-jpg/News/2078115137.jpg,News
/content/image_classification/Tobacco3482-jpg/News/10030096.jpg,News
/content/image_classification/Tobacco3482-jpg/News/11311025.jpg,News
/content/image_classification/Tobacco3482-jpg/News/0000162076.jpg,News
/content/image_classification/Tobacco3482-jpg/News/2078115033.jpg,News
/content/image_classification/Tobacco3482-jpg/News/2023272505.jpg,News
/content/image_classification/Tobacco3482-jpg/News/0000023720.jpg,News
/content/image_classification/Tobacco3482-jpg/News/2083784934.jpg,News
/content/image_classification/Tobacco3482-jpg/News/2070877098.jpg,News
/content/image_classification/Tobacco3482-jpg/News/10031617.jpg,News
/content/image_classification/Tobacco3482-jpg/News/2023175414.jpg,News
/content/image_classification/Tobacco3482-jpg/News/1003537661.jpg,News
/content/image_classification/Tobacco3482-jpg/News/2083513848.jpg,News
/content/image_classification/Tobacco3482-jpg/News/10077592.jpg,News
/content/image_classification/Tobacco3482-jpg/News/10030834.jpg,News
/content/image_classification/Tobacco3482-jpg/News/98065867.jpg,News
/content/image_classification/Tobacco3482-jpg/News/1005150648-a.jpg,News
/content/image_classification/Tobacco3482-jpg/News/1003044181.jpg,News
/content/image_classification/Tobacco3482-jpg/News/91011904a.jpg,News
/content/image_classification/Tobacco3482-jpg/News/2021174533_2021174534.jpg,News
/content/image_classification/Tobacco3482-jpg/News/1003542938.jpg,News
/content/image_classification/Tobacco3482-jpg/News/2046593592.jpg,News
/content/image_classification/Tobacco3482-jpg/News/2065340065.jpg,News
/content/image_classification/Tobacco3482-jpg/News/1002402255-a.jpg,News
/content/image_classification/Tobacco3482-jpg/News/2072201232.jpg,News
/content/image_classification/Tobacco3482-jpg/News/2044771242.jpg,News
/content/image_classification/Tobacco3482-jpg/News/2077070251.jpg,News
/content/image_classification/Tobacco3482-jpg/News/2085568558.jpg,News
/content/image_classification/Tobacco3482-jpg/News/2016003493.jpg,News
/content/image_classification/Tobacco3482-jpg/News/2040565275.jpg,News
/content/image_classification/Tobacco3482-jpg/News/10031147.jpg,News
/content/image_classification/Tobacco3482-jpg/News/10030325.jpg,News
/content/image_classification/Tobacco3482-jpg/News/1003543120.jpg,News
/content/image_classification/Tobacco3482-jpg/News/2083790356.jpg,News
/content/image_classification/Tobacco3482-jpg/News/2015024734.jpg,News
/content/image_classification/Tobacco3482-jpg/News/2044424416.jpg,News
/content/image_classification/Tobacco3482-jpg/News/1003043256-a.jpg,News
/content/image_classification/Tobacco3482-jpg/News/1003042516-b.jpg,News
/content/image_classification/Tobacco3482-jpg/News/2025854306.jpg,News
/content/image_classification/Tobacco3482-jpg/News/2015036663.jpg,News
/content/image_classification/Tobacco3482-jpg/News/2074404560.jpg,News
/content/image_classification/Tobacco3482-jpg/News/2085577788.jpg,News
/content/image_classification/Tobacco3482-jpg/News/2071692648.jpg,News
/content/image_classification/Tobacco3482-jpg/News/2047564059.jpg,News
/content/image_classification/Tobacco3482-jpg/News/2071991216.jpg,News
/content/image_classification/Tobacco3482-jpg/News/94682942.jpg,News
/content/image_classification/Tobacco3482-jpg/News/50288669-8669.jpg,News
/content/image_classification/Tobacco3482-jpg/News/2023798955.jpg,News
/content/image_classification/Tobacco3482-jpg/News/0000343395.jpg,News
/content/image_classification/Tobacco3482-jpg/News/2065214163.jpg,News
/content/image_classification/Tobacco3482-jpg/News/2080721150_1153.jpg,News
/content/image_classification/Tobacco3482-jpg/News/2083780285.jpg,News
/content/image_classification/Tobacco3482-jpg/News/01752917.jpg,News
/content/image_classification/Tobacco3482-jpg/News/1000150875-a.jpg,News
/content/image_classification/Tobacco3482-jpg/News/2026261439.jpg,News
/content/image_classification/Tobacco3482-jpg/News/2071778497.jpg,News
/content/image_classification/Tobacco3482-jpg/News/2073415682.jpg,News
/content/image_classification/Tobacco3482-jpg/News/2080731994.jpg,News
/content/image_classification/Tobacco3482-jpg/News/2054406337.jpg,News
/content/image_classification/Tobacco3482-jpg/Note/80191212_80191213.jpg,Note
/content/image_classification/Tobacco3482-jpg/Note/2020102257.jpg,Note
/content/image_classification/Tobacco3482-jpg/Note/71369508.jpg,Note
/content/image_classification/Tobacco3482-jpg/Note/2031367558.jpg,Note
/content/image_classification/Tobacco3482-jpg/Note/2072489111.jpg,Note
/content/image_classification/Tobacco3482-jpg/Note/2030020255.jpg,Note
/content/image_classification/Tobacco3482-jpg/Note/2029130917.jpg,Note
/content/image_classification/Tobacco3482-jpg/Note/2024267699.jpg,Note
/content/image_classification/Tobacco3482-jpg/Note/0000248859.jpg,Note
/content/image_classification/Tobacco3482-jpg/Note/2076140545.jpg,Note
/content/image_classification/Tobacco3482-jpg/Note/10058361_10058364.jpg,Note
/content/image_classification/Tobacco3482-jpg/Note/2029157248.jpg,Note
/content/image_classification/Tobacco3482-jpg/Note/2070393585.jpg,Note
/content/image_classification/Tobacco3482-jpg/Note/89556237.jpg,Note
/content/image_classification/Tobacco3482-jpg/Note/0000002770.jpg,Note
/content/image_classification/Tobacco3482-jpg/Note/11278338.jpg,Note
/content/image_classification/Tobacco3482-jpg/Note/2043916652.jpg,Note
/content/image_classification/Tobacco3482-jpg/Note/71826079.jpg,Note
/content/image_classification/Tobacco3482-jpg/Note/2029180090.jpg,Note
/content/image_classification/Tobacco3482-jpg/Note/2030323138.jpg,Note
/content/image_classification/Tobacco3482-jpg/Note/70057287-7287.jpg,Note
/content/image_classification/Tobacco3482-jpg/Note/2080475741.jpg,Note
/content/image_classification/Tobacco3482-jpg/Note/2028984183.jpg,Note
/content/image_classification/Tobacco3482-jpg/Note/2085234526.jpg,Note
/content/image_classification/Tobacco3482-jpg/Note/2023162754.jpg,Note
/content/image_classification/Tobacco3482-jpg/Note/10384492.jpg,Note
/content/image_classification/Tobacco3482-jpg/Note/10093110.jpg,Note
/content/image_classification/Tobacco3482-jpg/Note/2073414412.jpg,Note
/content/image_classification/Tobacco3482-jpg/Note/2063603124.jpg,Note
/content/image_classification/Tobacco3482-jpg/Note/2048150028.jpg,Note
/content/image_classification/Tobacco3482-jpg/Note/2073440248.jpg,Note
/content/image_classification/Tobacco3482-jpg/Note/71206341.jpg,Note
/content/image_classification/Tobacco3482-jpg/Note/85605325.jpg,Note
/content/image_classification/Tobacco3482-jpg/Note/2030053173.jpg,Note
/content/image_classification/Tobacco3482-jpg/Note/60019614.jpg,Note
/content/image_classification/Tobacco3482-jpg/Note/2021333139.jpg,Note
/content/image_classification/Tobacco3482-jpg/Note/01404111.jpg,Note
/content/image_classification/Tobacco3482-jpg/Note/2029160542.jpg,Note
/content/image_classification/Tobacco3482-jpg/Note/2025319413.jpg,Note
/content/image_classification/Tobacco3482-jpg/Note/91771720.jpg,Note
/content/image_classification/Tobacco3482-jpg/Note/2021204574.jpg,Note
/content/image_classification/Tobacco3482-jpg/Note/50054229.jpg,Note
/content/image_classification/Tobacco3482-jpg/Note/85651109.jpg,Note
/content/image_classification/Tobacco3482-jpg/Note/10221596_10221597.jpg,Note
/content/image_classification/Tobacco3482-jpg/Note/2063710424.jpg,Note
/content/image_classification/Tobacco3482-jpg/Note/2021614005.jpg,Note
/content/image_classification/Tobacco3482-jpg/Note/03023805.jpg,Note
/content/image_classification/Tobacco3482-jpg/Note/2082206330.jpg,Note
/content/image_classification/Tobacco3482-jpg/Note/03016778.jpg,Note
/content/image_classification/Tobacco3482-jpg/Note/2041238248.jpg,Note
/content/image_classification/Tobacco3482-jpg/Note/2080605718_5718a.jpg,Note
/content/image_classification/Tobacco3482-jpg/Note/2030545825.jpg,Note
/content/image_classification/Tobacco3482-jpg/Note/2021327414_7415.jpg,Note
/content/image_classification/Tobacco3482-jpg/Note/2074071502a.jpg,Note
/content/image_classification/Tobacco3482-jpg/Note/2065354661.jpg,Note
/content/image_classification/Tobacco3482-jpg/Note/2072237168.jpg,Note
/content/image_classification/Tobacco3482-jpg/Note/88025179.jpg,Note
/content/image_classification/Tobacco3482-jpg/Note/2501639006.jpg,Note
/content/image_classification/Tobacco3482-jpg/Note/2001004940.jpg,Note
/content/image_classification/Tobacco3482-jpg/Note/2072654561.jpg,Note
/content/image_classification/Tobacco3482-jpg/Note/1005111374.jpg,Note
/content/image_classification/Tobacco3482-jpg/Note/0000628923.jpg,Note
/content/image_classification/Tobacco3482-jpg/Note/2023104578.jpg,Note
/content/image_classification/Tobacco3482-jpg/Note/71221273.jpg,Note
/content/image_classification/Tobacco3482-jpg/Note/2029146130.jpg,Note
/content/image_classification/Tobacco3482-jpg/Note/2029204890.jpg,Note
/content/image_classification/Tobacco3482-jpg/Note/2085052974.jpg,Note
/content/image_classification/Tobacco3482-jpg/Note/2024407772.jpg,Note
/content/image_classification/Tobacco3482-jpg/Note/2064803045.jpg,Note
/content/image_classification/Tobacco3482-jpg/Note/2022916569.jpg,Note
/content/image_classification/Tobacco3482-jpg/Note/2077122151.jpg,Note
/content/image_classification/Tobacco3482-jpg/Note/2505334571.jpg,Note
/content/image_classification/Tobacco3482-jpg/Note/2029157407.jpg,Note
/content/image_classification/Tobacco3482-jpg/Note/0000007194.jpg,Note
/content/image_classification/Tobacco3482-jpg/Note/2028919119.jpg,Note
/content/image_classification/Tobacco3482-jpg/Note/82857902.jpg,Note
/content/image_classification/Tobacco3482-jpg/Note/0000642640.jpg,Note
/content/image_classification/Tobacco3482-jpg/Note/84422713.jpg,Note
/content/image_classification/Tobacco3482-jpg/Note/2048858141.jpg,Note
/content/image_classification/Tobacco3482-jpg/Note/2056172318.jpg,Note
/content/image_classification/Tobacco3482-jpg/Note/2029240096.jpg,Note
/content/image_classification/Tobacco3482-jpg/Note/03662678.jpg,Note
/content/image_classification/Tobacco3482-jpg/Note/89313371.jpg,Note
/content/image_classification/Tobacco3482-jpg/Note/2071191029.jpg,Note
/content/image_classification/Tobacco3482-jpg/Note/2505475748.jpg,Note
/content/image_classification/Tobacco3482-jpg/Note/2029042370.jpg,Note
/content/image_classification/Tobacco3482-jpg/Note/2028589254.jpg,Note
/content/image_classification/Tobacco3482-jpg/Note/93443778.jpg,Note
/content/image_classification/Tobacco3482-jpg/Note/2028837643.jpg,Note
/content/image_classification/Tobacco3482-jpg/Note/2021528870.jpg,Note
/content/image_classification/Tobacco3482-jpg/Note/03016504.jpg,Note
/content/image_classification/Tobacco3482-jpg/Note/1002465404.jpg,Note
/content/image_classification/Tobacco3482-jpg/Note/2083927405.jpg,Note
/content/image_classification/Tobacco3482-jpg/Note/2028897672.jpg,Note
/content/image_classification/Tobacco3482-jpg/Note/1003722129.jpg,Note
/content/image_classification/Tobacco3482-jpg/Note/2031018769.jpg,Note
/content/image_classification/Tobacco3482-jpg/Note/2060540658.jpg,Note
/content/image_classification/Tobacco3482-jpg/Note/0000016248.jpg,Note
/content/image_classification/Tobacco3482-jpg/Note/2060570691.jpg,Note
/content/image_classification/Tobacco3482-jpg/Note/2023682165.jpg,Note
/content/image_classification/Tobacco3482-jpg/Note/2044183733.jpg,Note
/content/image_classification/Tobacco3482-jpg/Note/2029129273.jpg,Note
/content/image_classification/Tobacco3482-jpg/Note/71460901.jpg,Note
/content/image_classification/Tobacco3482-jpg/Note/80405450.jpg,Note
/content/image_classification/Tobacco3482-jpg/Note/2030714615.jpg,Note
/content/image_classification/Tobacco3482-jpg/Note/1000240946.jpg,Note
/content/image_classification/Tobacco3482-jpg/Note/2023163743.jpg,Note
/content/image_classification/Tobacco3482-jpg/Note/03563613.jpg,Note
/content/image_classification/Tobacco3482-jpg/Note/91985231-a_91985231.jpg,Note
/content/image_classification/Tobacco3482-jpg/Note/2072571651.jpg,Note
/content/image_classification/Tobacco3482-jpg/Note/2028826508.jpg,Note
/content/image_classification/Tobacco3482-jpg/Note/2072821881.jpg,Note
/content/image_classification/Tobacco3482-jpg/Note/50076168.jpg,Note
/content/image_classification/Tobacco3482-jpg/Note/2062432446.jpg,Note
/content/image_classification/Tobacco3482-jpg/Note/1005127604_1005127605.jpg,Note
/content/image_classification/Tobacco3482-jpg/Note/2073425843.jpg,Note
/content/image_classification/Tobacco3482-jpg/Note/2075567953.jpg,Note
/content/image_classification/Tobacco3482-jpg/Note/2067623583.jpg,Note
/content/image_classification/Tobacco3482-jpg/Note/2501268920-a.jpg,Note
/content/image_classification/Tobacco3482-jpg/Note/2021546486.jpg,Note
/content/image_classification/Tobacco3482-jpg/Report/510832749.jpg,Report
/content/image_classification/Tobacco3482-jpg/Report/507061337+-1350.jpg,Report
/content/image_classification/Tobacco3482-jpg/Report/516516589+-6590.jpg,Report
/content/image_classification/Tobacco3482-jpg/Report/24010243_24010244.jpg,Report
/content/image_classification/Tobacco3482-jpg/Report/505375034_505375035.jpg,Report
/content/image_classification/Tobacco3482-jpg/Report/503117428_503117430.jpg,Report
/content/image_classification/Tobacco3482-jpg/Report/tob07526.89.jpg,Report
/content/image_classification/Tobacco3482-jpg/Report/507676370+-6377.jpg,Report
/content/image_classification/Tobacco3482-jpg/Report/511988428_511988437.jpg,Report
/content/image_classification/Tobacco3482-jpg/Report/522868227+-8227.jpg,Report
/content/image_classification/Tobacco3482-jpg/Report/tcal0230966.jpg,Report
/content/image_classification/Tobacco3482-jpg/Report/504221495_504221497.jpg,Report
/content/image_classification/Tobacco3482-jpg/Report/514217348+-7349.jpg,Report
/content/image_classification/Tobacco3482-jpg/Report/504641839_504641846.jpg,Report
/content/image_classification/Tobacco3482-jpg/Report/500929359.jpg,Report
/content/image_classification/Tobacco3482-jpg/Report/508599869_508599898.jpg,Report
/content/image_classification/Tobacco3482-jpg/Report/507963083_507963090.jpg,Report
/content/image_classification/Tobacco3482-jpg/Report/506631896.jpg,Report
/content/image_classification/Tobacco3482-jpg/Report/50244186-4186.jpg,Report
/content/image_classification/Tobacco3482-jpg/Report/520516240+-6257.jpg,Report
/content/image_classification/Tobacco3482-jpg/Report/50216661-6661.jpg,Report
/content/image_classification/Tobacco3482-jpg/Report/506767138_506767143.jpg,Report
/content/image_classification/Tobacco3482-jpg/Report/511440042_511440053.jpg,Report
/content/image_classification/Tobacco3482-jpg/Report/ti12030045.jpg,Report
/content/image_classification/Tobacco3482-jpg/Report/508032020_508032021.jpg,Report
/content/image_classification/Tobacco3482-jpg/Report/501263595_501263601.jpg,Report
/content/image_classification/Tobacco3482-jpg/Report/507995082_507995083.jpg,Report
/content/image_classification/Tobacco3482-jpg/Report/507745286_507745288.jpg,Report
/content/image_classification/Tobacco3482-jpg/Report/tob00112.50_tob00112.58.jpg,Report
/content/image_classification/Tobacco3482-jpg/Report/11239042_11239045.jpg,Report
/content/image_classification/Tobacco3482-jpg/Report/515321531+-1533.jpg,Report
/content/image_classification/Tobacco3482-jpg/Report/509227491+-7492.jpg,Report
/content/image_classification/Tobacco3482-jpg/Report/503958547_503958548.jpg,Report
/content/image_classification/Tobacco3482-jpg/Report/503276148_503276153.jpg,Report
/content/image_classification/Tobacco3482-jpg/Report/tim01047.91.jpg,Report
/content/image_classification/Tobacco3482-jpg/Report/50258031-8032.jpg,Report
/content/image_classification/Tobacco3482-jpg/Report/506316706_506316722.jpg,Report
/content/image_classification/Tobacco3482-jpg/Report/506131656_506131659.jpg,Report
/content/image_classification/Tobacco3482-jpg/Report/501866197+-6204.jpg,Report
/content/image_classification/Tobacco3482-jpg/Report/0000958516.jpg,Report
/content/image_classification/Tobacco3482-jpg/Report/514120277.jpg,Report
/content/image_classification/Tobacco3482-jpg/Report/10167656.jpg,Report
/content/image_classification/Tobacco3482-jpg/Report/10103478_10103482.jpg,Report
/content/image_classification/Tobacco3482-jpg/Report/tnwl0002042_2045.jpg,Report
/content/image_classification/Tobacco3482-jpg/Report/60033390_60033392.jpg,Report
/content/image_classification/Tobacco3482-jpg/Report/505939350.jpg,Report
/content/image_classification/Tobacco3482-jpg/Report/506189288_506189298.jpg,Report
/content/image_classification/Tobacco3482-jpg/Report/tim00404.83_tim00404.84.jpg,Report
/content/image_classification/Tobacco3482-jpg/Report/500515948.jpg,Report
/content/image_classification/Tobacco3482-jpg/Report/ti09910500_0513.jpg,Report
/content/image_classification/Tobacco3482-jpg/Report/tob08110.23_tob08110.30.jpg,Report
/content/image_classification/Tobacco3482-jpg/Report/71225399.jpg,Report
/content/image_classification/Tobacco3482-jpg/Report/507181418_507181422.jpg,Report
/content/image_classification/Tobacco3482-jpg/Report/50168370-8370.jpg,Report
/content/image_classification/Tobacco3482-jpg/Report/513206103+-6103.jpg,Report
/content/image_classification/Tobacco3482-jpg/Report/506650717+-0718.jpg,Report
/content/image_classification/Tobacco3482-jpg/Report/506135672_506135674.jpg,Report
/content/image_classification/Tobacco3482-jpg/Report/508757575_508757594.jpg,Report
/content/image_classification/Tobacco3482-jpg/Report/ton01220.33_ton01220.60.jpg,Report
/content/image_classification/Tobacco3482-jpg/Report/0011987564.jpg,Report
/content/image_classification/Tobacco3482-jpg/Report/0001166781.jpg,Report
/content/image_classification/Tobacco3482-jpg/Report/518308532+-8533.jpg,Report
/content/image_classification/Tobacco3482-jpg/Report/506583220_506583221.jpg,Report
/content/image_classification/Tobacco3482-jpg/Report/521513467+-3500.jpg,Report
/content/image_classification/Tobacco3482-jpg/Report/503026367_503026370.jpg,Report
/content/image_classification/Tobacco3482-jpg/Report/ton03413.40.jpg,Report
/content/image_classification/Tobacco3482-jpg/Report/ti10691080_1083.jpg,Report
/content/image_classification/Tobacco3482-jpg/Report/514725860_514725861.jpg,Report
/content/image_classification/Tobacco3482-jpg/Report/509808805+-8811.jpg,Report
/content/image_classification/Tobacco3482-jpg/Report/ti13540621_0622.jpg,Report
/content/image_classification/Tobacco3482-jpg/Report/11004538.jpg,Report
/content/image_classification/Tobacco3482-jpg/Report/505835991_505835992.jpg,Report
/content/image_classification/Tobacco3482-jpg/Report/tob06201.15_tob06201.19.jpg,Report
/content/image_classification/Tobacco3482-jpg/Report/509847620_509847621.jpg,Report
/content/image_classification/Tobacco3482-jpg/Report/511408565+-8565.jpg,Report
/content/image_classification/Tobacco3482-jpg/Report/524257370+-7371.jpg,Report
/content/image_classification/Tobacco3482-jpg/Report/506934156_506934157.jpg,Report
/content/image_classification/Tobacco3482-jpg/Report/506812605.jpg,Report
/content/image_classification/Tobacco3482-jpg/Report/518405084+-5085.jpg,Report
/content/image_classification/Tobacco3482-jpg/Report/514948201+-8201.jpg,Report
/content/image_classification/Tobacco3482-jpg/Report/503428622.jpg,Report
/content/image_classification/Tobacco3482-jpg/Report/502417535.jpg,Report
/content/image_classification/Tobacco3482-jpg/Report/502071859_502071866.jpg,Report
/content/image_classification/Tobacco3482-jpg/Report/523365592+-5592.jpg,Report
/content/image_classification/Tobacco3482-jpg/Report/60013476.jpg,Report
/content/image_classification/Tobacco3482-jpg/Report/503445062_503445063.jpg,Report
/content/image_classification/Tobacco3482-jpg/Report/505869261_505869265.jpg,Report
/content/image_classification/Tobacco3482-jpg/Report/506348523_506348524.jpg,Report
/content/image_classification/Tobacco3482-jpg/Report/503999149+-9150.jpg,Report
/content/image_classification/Tobacco3482-jpg/Report/0001414986.jpg,Report
/content/image_classification/Tobacco3482-jpg/Report/500985711.jpg,Report
/content/image_classification/Tobacco3482-jpg/Report/516052362+-2363.jpg,Report
/content/image_classification/Tobacco3482-jpg/Report/522929206+-9206.jpg,Report
/content/image_classification/Tobacco3482-jpg/Report/ton02204.35_ton02204.37.jpg,Report
/content/image_classification/Tobacco3482-jpg/Report/508270873_508270880.jpg,Report
/content/image_classification/Tobacco3482-jpg/Report/506030259.jpg,Report
/content/image_classification/Tobacco3482-jpg/Report/505136134_505136135.jpg,Report
/content/image_classification/Tobacco3482-jpg/Report/512481148_512481149.jpg,Report
/content/image_classification/Tobacco3482-jpg/Report/522528735+-8736.jpg,Report
/content/image_classification/Tobacco3482-jpg/Report/50118021-8021.jpg,Report
/content/image_classification/Tobacco3482-jpg/Report/501326452_501326456.jpg,Report
/content/image_classification/Tobacco3482-jpg/Report/506992129.jpg,Report
/content/image_classification/Tobacco3482-jpg/Report/10423065_10423068.jpg,Report
/content/image_classification/Tobacco3482-jpg/Report/tim00629.17_tim00629.20.jpg,Report
/content/image_classification/Tobacco3482-jpg/Report/524485243+-5245.jpg,Report
/content/image_classification/Tobacco3482-jpg/Report/11225239_11225242.jpg,Report
/content/image_classification/Tobacco3482-jpg/Report/tob09314.17.jpg,Report
/content/image_classification/Tobacco3482-jpg/Report/ti13910019_0020.jpg,Report
/content/image_classification/Tobacco3482-jpg/Report/509611113_509611115.jpg,Report
/content/image_classification/Tobacco3482-jpg/Report/71103533.jpg,Report
/content/image_classification/Tobacco3482-jpg/Report/12304582.jpg,Report
/content/image_classification/Tobacco3482-jpg/Report/522843979+-3982.jpg,Report
/content/image_classification/Tobacco3482-jpg/Report/506297104_506297105.jpg,Report
/content/image_classification/Tobacco3482-jpg/Report/512974158_512974160.jpg,Report
/content/image_classification/Tobacco3482-jpg/Report/513904111+-4118.jpg,Report
/content/image_classification/Tobacco3482-jpg/Report/505515167_505515171.jpg,Report
/content/image_classification/Tobacco3482-jpg/Report/tob08823.31_tob08823.32.jpg,Report
/content/image_classification/Tobacco3482-jpg/Report/500735305.jpg,Report
/content/image_classification/Tobacco3482-jpg/Report/518039321.jpg,Report
/content/image_classification/Tobacco3482-jpg/Report/507692234+-2243.jpg,Report
/content/image_classification/Tobacco3482-jpg/Resume/50653196-3196.jpg,Resume
/content/image_classification/Tobacco3482-jpg/Resume/50459853-9854.jpg,Resume
/content/image_classification/Tobacco3482-jpg/Resume/50426112-6114.jpg,Resume
/content/image_classification/Tobacco3482-jpg/Resume/50450234-0234.jpg,Resume
/content/image_classification/Tobacco3482-jpg/Resume/50583715-3716.jpg,Resume
/content/image_classification/Tobacco3482-jpg/Resume/50477507-7508.jpg,Resume
/content/image_classification/Tobacco3482-jpg/Resume/50719747-9748.jpg,Resume
/content/image_classification/Tobacco3482-jpg/Resume/50570560-0563.jpg,Resume
/content/image_classification/Tobacco3482-jpg/Resume/50449946-9947.jpg,Resume
/content/image_classification/Tobacco3482-jpg/Resume/50607543-7544.jpg,Resume
/content/image_classification/Tobacco3482-jpg/Resume/50510506-0507.jpg,Resume
/content/image_classification/Tobacco3482-jpg/Resume/2028975962_2028975964.jpg,Resume
/content/image_classification/Tobacco3482-jpg/Resume/50439450-9451.jpg,Resume
/content/image_classification/Tobacco3482-jpg/Resume/50646644-6645.jpg,Resume
/content/image_classification/Tobacco3482-jpg/Resume/40047516-7517.jpg,Resume
/content/image_classification/Tobacco3482-jpg/Resume/50371016-1016.jpg,Resume
/content/image_classification/Tobacco3482-jpg/Resume/50457000-7001.jpg,Resume
/content/image_classification/Tobacco3482-jpg/Resume/50357861-7862.jpg,Resume
/content/image_classification/Tobacco3482-jpg/Resume/50264605-4625.jpg,Resume
/content/image_classification/Tobacco3482-jpg/Resume/50405403-5404.jpg,Resume
/content/image_classification/Tobacco3482-jpg/Resume/50467009-7010.jpg,Resume
/content/image_classification/Tobacco3482-jpg/Resume/50497931-7932.jpg,Resume
/content/image_classification/Tobacco3482-jpg/Resume/50476159-6160.jpg,Resume
/content/image_classification/Tobacco3482-jpg/Resume/50513847-3848.jpg,Resume
/content/image_classification/Tobacco3482-jpg/Resume/50608376-8377.jpg,Resume
/content/image_classification/Tobacco3482-jpg/Resume/50630631-0632.jpg,Resume
/content/image_classification/Tobacco3482-jpg/Resume/50491022-1023.jpg,Resume
/content/image_classification/Tobacco3482-jpg/Resume/10087799_10087801.jpg,Resume
/content/image_classification/Tobacco3482-jpg/Resume/50721981-1982.jpg,Resume
/content/image_classification/Tobacco3482-jpg/Resume/50267812-7820.jpg,Resume
/content/image_classification/Tobacco3482-jpg/Resume/40035380-5380.jpg,Resume
/content/image_classification/Tobacco3482-jpg/Resume/50106572-6573.jpg,Resume
/content/image_classification/Tobacco3482-jpg/Resume/50294272-4272.jpg,Resume
/content/image_classification/Tobacco3482-jpg/Resume/50441969-1970.jpg,Resume
/content/image_classification/Tobacco3482-jpg/Resume/40005130-5131.jpg,Resume
/content/image_classification/Tobacco3482-jpg/Resume/50386532-6533.jpg,Resume
/content/image_classification/Tobacco3482-jpg/Resume/50616851-6852.jpg,Resume
/content/image_classification/Tobacco3482-jpg/Resume/10150247_10150256.jpg,Resume
/content/image_classification/Tobacco3482-jpg/Resume/50339930-9931.jpg,Resume
/content/image_classification/Tobacco3482-jpg/Resume/50258985-8987.jpg,Resume
/content/image_classification/Tobacco3482-jpg/Resume/11300115-0116.jpg,Resume
/content/image_classification/Tobacco3482-jpg/Resume/50525533-5540.jpg,Resume
/content/image_classification/Tobacco3482-jpg/Resume/50690163-0164.jpg,Resume
/content/image_classification/Tobacco3482-jpg/Resume/50618083-8085.jpg,Resume
/content/image_classification/Tobacco3482-jpg/Resume/50549883-9884.jpg,Resume
/content/image_classification/Tobacco3482-jpg/Resume/85655567_85655583.jpg,Resume
/content/image_classification/Tobacco3482-jpg/Resume/50617273-7274.jpg,Resume
/content/image_classification/Tobacco3482-jpg/Resume/50387716-7716.jpg,Resume
/content/image_classification/Tobacco3482-jpg/Resume/50296092-6093.jpg,Resume
/content/image_classification/Tobacco3482-jpg/Resume/50579200-9201.jpg,Resume
/content/image_classification/Tobacco3482-jpg/Resume/50597708-7709.jpg,Resume
/content/image_classification/Tobacco3482-jpg/Resume/40002609-2610.jpg,Resume
/content/image_classification/Tobacco3482-jpg/Resume/50422920-2921.jpg,Resume
/content/image_classification/Tobacco3482-jpg/Resume/50602320-2321.jpg,Resume
/content/image_classification/Tobacco3482-jpg/Resume/50536499-6500.jpg,Resume
/content/image_classification/Tobacco3482-jpg/Resume/CTRCONTRACTS021884-1.jpg,Resume
/content/image_classification/Tobacco3482-jpg/Resume/50313867-3869.jpg,Resume
/content/image_classification/Tobacco3482-jpg/Resume/50239379-9380.jpg,Resume
/content/image_classification/Tobacco3482-jpg/Resume/50602461-2462.jpg,Resume
/content/image_classification/Tobacco3482-jpg/Resume/50271743-1746.jpg,Resume
/content/image_classification/Tobacco3482-jpg/Resume/50557910-7911.jpg,Resume
/content/image_classification/Tobacco3482-jpg/Resume/50444074-4074.jpg,Resume
/content/image_classification/Tobacco3482-jpg/Resume/50722487-2488.jpg,Resume
/content/image_classification/Tobacco3482-jpg/Resume/40049902-9903.jpg,Resume
/content/image_classification/Tobacco3482-jpg/Resume/50586528-6531.jpg,Resume
/content/image_classification/Tobacco3482-jpg/Resume/50565399-5401.jpg,Resume
/content/image_classification/Tobacco3482-jpg/Resume/50521422-1423.jpg,Resume
/content/image_classification/Tobacco3482-jpg/Resume/50453779-3780.jpg,Resume
/content/image_classification/Tobacco3482-jpg/Resume/50308888-8889.jpg,Resume
/content/image_classification/Tobacco3482-jpg/Resume/50506096-6097.jpg,Resume
/content/image_classification/Tobacco3482-jpg/Resume/50553047-3048.jpg,Resume
/content/image_classification/Tobacco3482-jpg/Resume/50201456-1467.jpg,Resume
/content/image_classification/Tobacco3482-jpg/Resume/60037207_60037209.jpg,Resume
/content/image_classification/Tobacco3482-jpg/Resume/40028776-8777.jpg,Resume
/content/image_classification/Tobacco3482-jpg/Resume/40019153-9154.jpg,Resume
/content/image_classification/Tobacco3482-jpg/Resume/50593387-3387.jpg,Resume
/content/image_classification/Tobacco3482-jpg/Resume/40010133-0134.jpg,Resume
/content/image_classification/Tobacco3482-jpg/Resume/50378394-8395.jpg,Resume
/content/image_classification/Tobacco3482-jpg/Resume/50479508-9509.jpg,Resume
/content/image_classification/Tobacco3482-jpg/Resume/50649595-9596.jpg,Resume
/content/image_classification/Tobacco3482-jpg/Resume/50529207-9208.jpg,Resume
/content/image_classification/Tobacco3482-jpg/Resume/50538978-8979.jpg,Resume
/content/image_classification/Tobacco3482-jpg/Resume/50546335-6336.jpg,Resume
/content/image_classification/Tobacco3482-jpg/Resume/50463741-3741.jpg,Resume
/content/image_classification/Tobacco3482-jpg/Resume/50371713-1714.jpg,Resume
/content/image_classification/Tobacco3482-jpg/Resume/50509820-9820.jpg,Resume
/content/image_classification/Tobacco3482-jpg/Resume/50535699-5699.jpg,Resume
/content/image_classification/Tobacco3482-jpg/Resume/50515916-5917.jpg,Resume
/content/image_classification/Tobacco3482-jpg/Resume/60016011_60016015.jpg,Resume
/content/image_classification/Tobacco3482-jpg/Resume/50638712-8712.jpg,Resume
/content/image_classification/Tobacco3482-jpg/Resume/50023848_50023850.jpg,Resume
/content/image_classification/Tobacco3482-jpg/Resume/50589377-9378.jpg,Resume
/content/image_classification/Tobacco3482-jpg/Resume/50639278-9279.jpg,Resume
/content/image_classification/Tobacco3482-jpg/Resume/50479406-9407.jpg,Resume
/content/image_classification/Tobacco3482-jpg/Resume/50650671-0672.jpg,Resume
/content/image_classification/Tobacco3482-jpg/Resume/50617225-7226.jpg,Resume
/content/image_classification/Tobacco3482-jpg/Resume/0000153377.jpg,Resume
/content/image_classification/Tobacco3482-jpg/Resume/50636686-6687.jpg,Resume
/content/image_classification/Tobacco3482-jpg/Resume/50590985-0986.jpg,Resume
/content/image_classification/Tobacco3482-jpg/Resume/50421027-1027.jpg,Resume
/content/image_classification/Tobacco3482-jpg/Resume/50654827-4828.jpg,Resume
/content/image_classification/Tobacco3482-jpg/Resume/50410607-0615.jpg,Resume
/content/image_classification/Tobacco3482-jpg/Resume/50493176-3177.jpg,Resume
/content/image_classification/Tobacco3482-jpg/Resume/50549067-9068.jpg,Resume
/content/image_classification/Tobacco3482-jpg/Resume/50538795-8796.jpg,Resume
/content/image_classification/Tobacco3482-jpg/Resume/50582484-2485.jpg,Resume
/content/image_classification/Tobacco3482-jpg/Resume/50489607-9608.jpg,Resume
/content/image_classification/Tobacco3482-jpg/Resume/50501854-1854.jpg,Resume
/content/image_classification/Tobacco3482-jpg/Resume/2023100295_2023100303.jpg,Resume
/content/image_classification/Tobacco3482-jpg/Resume/50425154-5155.jpg,Resume
/content/image_classification/Tobacco3482-jpg/Resume/10036815_10036823.jpg,Resume
/content/image_classification/Tobacco3482-jpg/Resume/50559165-9166.jpg,Resume
/content/image_classification/Tobacco3482-jpg/Resume/50515818-5819.jpg,Resume
/content/image_classification/Tobacco3482-jpg/Resume/50500260-0261.jpg,Resume
/content/image_classification/Tobacco3482-jpg/Resume/50513051-3052.jpg,Resume
/content/image_classification/Tobacco3482-jpg/Resume/50487659-7660.jpg,Resume
/content/image_classification/Tobacco3482-jpg/Resume/50429381-9382.jpg,Resume
/content/image_classification/Tobacco3482-jpg/Resume/50442704-2713.jpg,Resume
/content/image_classification/Tobacco3482-jpg/Resume/50591446-1447.jpg,Resume
/content/image_classification/Tobacco3482-jpg/Resume/50483835-3836.jpg,Resume
/content/image_classification/Tobacco3482-jpg/Scientific/2076634303_4365.jpg,Scientific
/content/image_classification/Tobacco3482-jpg/Scientific/1000027365.jpg,Scientific
/content/image_classification/Tobacco3482-jpg/Scientific/10404393_10404399.jpg,Scientific
/content/image_classification/Tobacco3482-jpg/Scientific/50590463-0469.jpg,Scientific
/content/image_classification/Tobacco3482-jpg/Scientific/2057612157.jpg,Scientific
/content/image_classification/Tobacco3482-jpg/Scientific/2028875721.jpg,Scientific
/content/image_classification/Tobacco3482-jpg/Scientific/PUBLICATIONS026505-6.jpg,Scientific
/content/image_classification/Tobacco3482-jpg/Scientific/11229835_11229851.jpg,Scientific
/content/image_classification/Tobacco3482-jpg/Scientific/2082798720_8753.jpg,Scientific
/content/image_classification/Tobacco3482-jpg/Scientific/83904610_4615.jpg,Scientific
/content/image_classification/Tobacco3482-jpg/Scientific/50655432-5443.jpg,Scientific
/content/image_classification/Tobacco3482-jpg/Scientific/2050247507.jpg,Scientific
/content/image_classification/Tobacco3482-jpg/Scientific/10234326_10234328.jpg,Scientific
/content/image_classification/Tobacco3482-jpg/Scientific/50726195-6197.jpg,Scientific
/content/image_classification/Tobacco3482-jpg/Scientific/2501013691_2501013746.jpg,Scientific
/content/image_classification/Tobacco3482-jpg/Scientific/1003726646.jpg,Scientific
/content/image_classification/Tobacco3482-jpg/Scientific/2028873122.jpg,Scientific
/content/image_classification/Tobacco3482-jpg/Scientific/40005199-5206.jpg,Scientific
/content/image_classification/Tobacco3482-jpg/Scientific/2056298359.jpg,Scientific
/content/image_classification/Tobacco3482-jpg/Scientific/2000781804.jpg,Scientific
/content/image_classification/Tobacco3482-jpg/Scientific/50619005-9007.jpg,Scientific
/content/image_classification/Tobacco3482-jpg/Scientific/1000121813.jpg,Scientific
/content/image_classification/Tobacco3482-jpg/Scientific/2501185399.jpg,Scientific
/content/image_classification/Tobacco3482-jpg/Scientific/2028716785.jpg,Scientific
/content/image_classification/Tobacco3482-jpg/Scientific/2028840914.jpg,Scientific
/content/image_classification/Tobacco3482-jpg/Scientific/10356461_10356469.jpg,Scientific
/content/image_classification/Tobacco3482-jpg/Scientific/2501613594.jpg,Scientific
/content/image_classification/Tobacco3482-jpg/Scientific/2064717660_7789.jpg,Scientific
/content/image_classification/Tobacco3482-jpg/Scientific/501060341+-0350.jpg,Scientific
/content/image_classification/Tobacco3482-jpg/Scientific/2022172184.jpg,Scientific
/content/image_classification/Tobacco3482-jpg/Scientific/50527980-7985.jpg,Scientific
/content/image_classification/Tobacco3482-jpg/Scientific/PUBLICATIONS011449-1.jpg,Scientific
/content/image_classification/Tobacco3482-jpg/Scientific/2074893796_3801.jpg,Scientific
/content/image_classification/Tobacco3482-jpg/Scientific/2024437773.jpg,Scientific
/content/image_classification/Tobacco3482-jpg/Scientific/70007742-7742.jpg,Scientific
/content/image_classification/Tobacco3482-jpg/Scientific/CTRSP-FILES012488-25.jpg,Scientific
/content/image_classification/Tobacco3482-jpg/Scientific/50603971-3971.jpg,Scientific
/content/image_classification/Tobacco3482-jpg/Scientific/11309016_11309017.jpg,Scientific
/content/image_classification/Tobacco3482-jpg/Scientific/10146565_10146568.jpg,Scientific
/content/image_classification/Tobacco3482-jpg/Scientific/10420278.jpg,Scientific
/content/image_classification/Tobacco3482-jpg/Scientific/1003112789_1003112797.jpg,Scientific
/content/image_classification/Tobacco3482-jpg/Scientific/1000827761.jpg,Scientific
/content/image_classification/Tobacco3482-jpg/Scientific/2028620226.jpg,Scientific
/content/image_classification/Tobacco3482-jpg/Scientific/2024318141.jpg,Scientific
/content/image_classification/Tobacco3482-jpg/Scientific/2055054537.jpg,Scientific
/content/image_classification/Tobacco3482-jpg/Scientific/50637798-7798.jpg,Scientific
/content/image_classification/Tobacco3482-jpg/Scientific/50380095-0099.jpg,Scientific
/content/image_classification/Tobacco3482-jpg/Scientific/2501008232.jpg,Scientific
/content/image_classification/Tobacco3482-jpg/Scientific/501009080_501009119.jpg,Scientific
/content/image_classification/Tobacco3482-jpg/Scientific/2056445938_5940.jpg,Scientific
/content/image_classification/Tobacco3482-jpg/Scientific/50357403-7404.jpg,Scientific
/content/image_classification/Tobacco3482-jpg/Scientific/2022202871.jpg,Scientific
/content/image_classification/Tobacco3482-jpg/Scientific/2065411188.jpg,Scientific
/content/image_classification/Tobacco3482-jpg/Scientific/50396016-6017.jpg,Scientific
/content/image_classification/Tobacco3482-jpg/Scientific/50285926-5933.jpg,Scientific
/content/image_classification/Tobacco3482-jpg/Scientific/2501311550.jpg,Scientific
/content/image_classification/Tobacco3482-jpg/Scientific/504175664_504175669.jpg,Scientific
/content/image_classification/Tobacco3482-jpg/Scientific/2028445606.jpg,Scientific
/content/image_classification/Tobacco3482-jpg/Scientific/01190197_01190199.jpg,Scientific
/content/image_classification/Tobacco3482-jpg/Scientific/50492374-2377.jpg,Scientific
/content/image_classification/Tobacco3482-jpg/Scientific/50486477-6479.jpg,Scientific
/content/image_classification/Tobacco3482-jpg/Scientific/50333481-3481.jpg,Scientific
/content/image_classification/Tobacco3482-jpg/Scientific/2023286661.jpg,Scientific
/content/image_classification/Tobacco3482-jpg/Scientific/2074993860.jpg,Scientific
/content/image_classification/Tobacco3482-jpg/Scientific/10064589_10064594.jpg,Scientific
/content/image_classification/Tobacco3482-jpg/Scientific/2001116407.jpg,Scientific
/content/image_classification/Tobacco3482-jpg/Scientific/2056147164.jpg,Scientific
/content/image_classification/Tobacco3482-jpg/Scientific/50391006-1006.jpg,Scientific
/content/image_classification/Tobacco3482-jpg/Scientific/10408675.jpg,Scientific
/content/image_classification/Tobacco3482-jpg/Scientific/2500016783_6794.jpg,Scientific
/content/image_classification/Tobacco3482-jpg/Scientific/504792876_504792884.jpg,Scientific
/content/image_classification/Tobacco3482-jpg/Scientific/PUBLICATIONS007431-7.jpg,Scientific
/content/image_classification/Tobacco3482-jpg/Scientific/2062058903.jpg,Scientific
/content/image_classification/Tobacco3482-jpg/Scientific/1001920153.jpg,Scientific
/content/image_classification/Tobacco3482-jpg/Scientific/2053475725.jpg,Scientific
/content/image_classification/Tobacco3482-jpg/Scientific/2026402184.jpg,Scientific
/content/image_classification/Tobacco3482-jpg/Scientific/40033964-3964.jpg,Scientific
/content/image_classification/Tobacco3482-jpg/Scientific/2028704495.jpg,Scientific
/content/image_classification/Tobacco3482-jpg/Scientific/2056712540.jpg,Scientific
/content/image_classification/Tobacco3482-jpg/Scientific/2022240598.jpg,Scientific
/content/image_classification/Tobacco3482-jpg/Scientific/10406749_10406751.jpg,Scientific
/content/image_classification/Tobacco3482-jpg/Scientific/10214817_10214869.jpg,Scientific
/content/image_classification/Tobacco3482-jpg/Scientific/2022945385.jpg,Scientific
/content/image_classification/Tobacco3482-jpg/Scientific/1001511267.jpg,Scientific
/content/image_classification/Tobacco3482-jpg/Scientific/10054448_10054450.jpg,Scientific
/content/image_classification/Tobacco3482-jpg/Scientific/40021754-1754.jpg,Scientific
/content/image_classification/Tobacco3482-jpg/Scientific/2074406815.jpg,Scientific
/content/image_classification/Tobacco3482-jpg/Scientific/85710569.jpg,Scientific
/content/image_classification/Tobacco3482-jpg/Scientific/2024556141.jpg,Scientific
/content/image_classification/Tobacco3482-jpg/Scientific/503645435+-5446.jpg,Scientific
/content/image_classification/Tobacco3482-jpg/Scientific/2028638180.jpg,Scientific
/content/image_classification/Tobacco3482-jpg/Scientific/2078582262_2285.jpg,Scientific
/content/image_classification/Tobacco3482-jpg/Scientific/50649664-9664.jpg,Scientific
/content/image_classification/Tobacco3482-jpg/Scientific/10186148_10186155.jpg,Scientific
/content/image_classification/Tobacco3482-jpg/Scientific/50574463-4475.jpg,Scientific
/content/image_classification/Tobacco3482-jpg/Scientific/50085955_50085963.jpg,Scientific
/content/image_classification/Tobacco3482-jpg/Scientific/2025492721_2738.jpg,Scientific
/content/image_classification/Tobacco3482-jpg/Scientific/2082223866.jpg,Scientific
/content/image_classification/Tobacco3482-jpg/Scientific/50601614-1617.jpg,Scientific
/content/image_classification/Tobacco3482-jpg/Scientific/2501124648.jpg,Scientific
/content/image_classification/Tobacco3482-jpg/Scientific/2020226023.jpg,Scientific
/content/image_classification/Tobacco3482-jpg/Scientific/2501567500.jpg,Scientific
/content/image_classification/Tobacco3482-jpg/Scientific/40042818-2820.jpg,Scientific
/content/image_classification/Tobacco3482-jpg/Scientific/10322990_10322994.jpg,Scientific
/content/image_classification/Tobacco3482-jpg/Scientific/10092523_10092530.jpg,Scientific
/content/image_classification/Tobacco3482-jpg/Scientific/11306049_11306054.jpg,Scientific
/content/image_classification/Tobacco3482-jpg/Scientific/50416058-6058.jpg,Scientific
/content/image_classification/Tobacco3482-jpg/Scientific/2062035168.jpg,Scientific
/content/image_classification/Tobacco3482-jpg/Scientific/2075232072_2077.jpg,Scientific
/content/image_classification/Tobacco3482-jpg/Scientific/10400989_10400990.jpg,Scientific
/content/image_classification/Tobacco3482-jpg/Scientific/2024313532.jpg,Scientific
/content/image_classification/Tobacco3482-jpg/Scientific/50546182-6182.jpg,Scientific
/content/image_classification/Tobacco3482-jpg/Scientific/40009604-9604.jpg,Scientific
/content/image_classification/Tobacco3482-jpg/Scientific/01142172_01142173.jpg,Scientific
/content/image_classification/Tobacco3482-jpg/Scientific/2501138382.jpg,Scientific
/content/image_classification/Tobacco3482-jpg/Scientific/50592285-2292.jpg,Scientific
/content/image_classification/Tobacco3482-jpg/Scientific/502497872_502497879.jpg,Scientific
/content/image_classification/Tobacco3482-jpg/Scientific/88221449_1451.jpg,Scientific
/content/image_classification/Tobacco3482-jpg/Scientific/50506969-6969.jpg,Scientific
/content/image_classification/Tobacco3482-jpg/Scientific/2501387695.jpg,Scientific
